bezirk,kategorie_raw,criticality,n,hilfsfrist_quote,kategorie_code,Hauptbeschwerde_Text_Original
Charlottenburg-Wilmersdorf,1.0,A,1230,0.0975609756097561,01,"Bauchschmerzen, -beschwerden"
Charlottenburg-Wilmersdorf,1.0,C,5271,0.19104534243976476,01,"Bauchschmerzen, -beschwerden"
Charlottenburg-Wilmersdorf,1.0,D,901,0.21309655937846836,01,"Bauchschmerzen, -beschwerden"
Charlottenburg-Wilmersdorf,2.0,A,90,0.13333333333333333,02,"Allergie (Überreaktion) / Kontakt mit giftigen Tieren (Stiche, Bisse)"
Charlottenburg-Wilmersdorf,2.0,B,271,0.14760147601476015,02,"Allergie (Überreaktion) / Kontakt mit giftigen Tieren (Stiche, Bisse)"
Charlottenburg-Wilmersdorf,2.0,C,725,0.2882758620689655,02,"Allergie (Überreaktion) / Kontakt mit giftigen Tieren (Stiche, Bisse)"
Charlottenburg-Wilmersdorf,2.0,D,230,0.3782608695652174,02,"Allergie (Überreaktion) / Kontakt mit giftigen Tieren (Stiche, Bisse)"
Charlottenburg-Wilmersdorf,3.0,A,39,0.1282051282051282,03,Tierbiss / Tierangriff
Charlottenburg-Wilmersdorf,3.0,B,71,0.15492957746478872,03,Tierbiss / Tierangriff
Charlottenburg-Wilmersdorf,4.0,A,173,0.15606936416184972,04,Körperverletzung / Sexualdelikt / Elektroschocker
Charlottenburg-Wilmersdorf,4.0,B,2412,0.22263681592039802,04,Körperverletzung / Sexualdelikt / Elektroschocker
Charlottenburg-Wilmersdorf,4.0,D,328,0.27439024390243905,04,Körperverletzung / Sexualdelikt / Elektroschocker
Charlottenburg-Wilmersdorf,5.0,A,52,0.1346153846153846,05,Rückenschmerzen (Nicht traumatische Rückenschmerzen oder ältere Verletzung)
Charlottenburg-Wilmersdorf,5.0,C,2075,0.14506024096385542,05,Rückenschmerzen (Nicht traumatische Rückenschmerzen oder ältere Verletzung)
Charlottenburg-Wilmersdorf,5.0,D,419,0.22195704057279236,05,Rückenschmerzen (Nicht traumatische Rückenschmerzen oder ältere Verletzung)
Charlottenburg-Wilmersdorf,6.0,C,7375,0.23484745762711864,06,Atembeschwerden
Charlottenburg-Wilmersdorf,6.0,D,6331,0.33154320012636235,06,Atembeschwerden
Charlottenburg-Wilmersdorf,6.0,E,108,0.37037037037037035,06,Atembeschwerden
Charlottenburg-Wilmersdorf,7.0,A,120,0.2,07,Verbrennungen (Verbrühungen) / Explosion (Detonation)
Charlottenburg-Wilmersdorf,7.0,B,40,0.1,07,Verbrennungen (Verbrühungen) / Explosion (Detonation)
Charlottenburg-Wilmersdorf,7.0,C,39,0.48717948717948717,07,Verbrennungen (Verbrühungen) / Explosion (Detonation)
Charlottenburg-Wilmersdorf,9.0,D,212,0.49056603773584906,09,"Kreislauf-, Atemstillstand / Tote Person"
Charlottenburg-Wilmersdorf,9.0,E,1248,0.5833333333333334,09,"Kreislauf-, Atemstillstand / Tote Person"
Charlottenburg-Wilmersdorf,10.0,A,691,0.23154848046309695,10,Brustschmerzen / Andere Beschwerden in der Brust (Nicht Traumatisch)
Charlottenburg-Wilmersdorf,10.0,C,4674,0.23234916559691912,10,Brustschmerzen / Andere Beschwerden in der Brust (Nicht Traumatisch)
Charlottenburg-Wilmersdorf,10.0,D,3368,0.3417458432304038,10,Brustschmerzen / Andere Beschwerden in der Brust (Nicht Traumatisch)
Charlottenburg-Wilmersdorf,11.0,D,239,0.3682008368200837,11,Atemwegsverlegung (Durch Fremdkörper)
Charlottenburg-Wilmersdorf,11.0,E,30,0.7,11,Atemwegsverlegung (Durch Fremdkörper)
Charlottenburg-Wilmersdorf,12.0,A,1189,0.26661059714045415,12,Krampfanfall
Charlottenburg-Wilmersdorf,12.0,B,190,0.2789473684210526,12,Krampfanfall
Charlottenburg-Wilmersdorf,12.0,C,664,0.286144578313253,12,Krampfanfall
Charlottenburg-Wilmersdorf,12.0,D,1256,0.45222929936305734,12,Krampfanfall
Charlottenburg-Wilmersdorf,13.0,C,942,0.21231422505307856,13,Blutzuckerentgleisungen
Charlottenburg-Wilmersdorf,13.0,D,89,0.4606741573033708,13,Blutzuckerentgleisungen
Charlottenburg-Wilmersdorf,15.0,C,113,0.2743362831858407,15,Stromunfall / Blitzschlag
Charlottenburg-Wilmersdorf,16.0,A,232,0.2025862068965517,16,Augenprobleme / Verletzungen
Charlottenburg-Wilmersdorf,16.0,B,126,0.2222222222222222,16,Augenprobleme / Verletzungen
Charlottenburg-Wilmersdorf,17.0,A,7476,0.18218298555377208,17,Sturz / Absturz
Charlottenburg-Wilmersdorf,17.0,B,14764,0.20895421295041994,17,Sturz / Absturz
Charlottenburg-Wilmersdorf,17.0,C,405,0.2271604938271605,17,Sturz / Absturz
Charlottenburg-Wilmersdorf,17.0,D,2795,0.2618962432915921,17,Sturz / Absturz
Charlottenburg-Wilmersdorf,18.0,B,261,0.09195402298850575,18,Kopfschmerzen
Charlottenburg-Wilmersdorf,18.0,C,950,0.2063157894736842,18,Kopfschmerzen
Charlottenburg-Wilmersdorf,19.0,A,147,0.19727891156462585,19,Herzbeschwerden / Implantierter Defibrillator
Charlottenburg-Wilmersdorf,19.0,C,6616,0.22808343409915358,19,Herzbeschwerden / Implantierter Defibrillator
Charlottenburg-Wilmersdorf,19.0,D,1891,0.3352723426758329,19,Herzbeschwerden / Implantierter Defibrillator
Charlottenburg-Wilmersdorf,20.0,B,168,0.18452380952380953,20,"Hitze-, Kälteprobleme"
Charlottenburg-Wilmersdorf,20.0,D,35,0.2571428571428571,20,"Hitze-, Kälteprobleme"
Charlottenburg-Wilmersdorf,21.0,A,210,0.08095238095238096,21,Blutung / Wunden
Charlottenburg-Wilmersdorf,21.0,B,4466,0.18987908643081056,21,Blutung / Wunden
Charlottenburg-Wilmersdorf,21.0,C,153,0.22875816993464052,21,Blutung / Wunden
Charlottenburg-Wilmersdorf,21.0,D,1650,0.25393939393939396,21,Blutung / Wunden
Charlottenburg-Wilmersdorf,23.0,B,1827,0.18555008210180624,23,Überdosis / Vergiftung (Einnahme)
Charlottenburg-Wilmersdorf,23.0,C,5007,0.23646894347912922,23,Überdosis / Vergiftung (Einnahme)
Charlottenburg-Wilmersdorf,23.0,D,329,0.41033434650455924,23,Überdosis / Vergiftung (Einnahme)
Charlottenburg-Wilmersdorf,23.0,O,45,0.13333333333333333,23,Überdosis / Vergiftung (Einnahme)
Charlottenburg-Wilmersdorf,24.0,A,42,0.16666666666666666,24,Schwangerschaft / Geburt / Fehlgeburt
Charlottenburg-Wilmersdorf,24.0,B,298,0.26174496644295303,24,Schwangerschaft / Geburt / Fehlgeburt
Charlottenburg-Wilmersdorf,24.0,C,307,0.2247557003257329,24,Schwangerschaft / Geburt / Fehlgeburt
Charlottenburg-Wilmersdorf,24.0,D,445,0.27415730337078653,24,Schwangerschaft / Geburt / Fehlgeburt
Charlottenburg-Wilmersdorf,24.0,O,57,0.08771929824561403,24,Schwangerschaft / Geburt / Fehlgeburt
Charlottenburg-Wilmersdorf,25.0,A,3142,0.11394016549968174,25,Psychiatrie / Abnormales Verhalten / Suizidversuch
Charlottenburg-Wilmersdorf,25.0,B,3295,0.2039453717754173,25,Psychiatrie / Abnormales Verhalten / Suizidversuch
Charlottenburg-Wilmersdorf,25.0,C,901,0.2397336293007769,25,Psychiatrie / Abnormales Verhalten / Suizidversuch
Charlottenburg-Wilmersdorf,25.0,D,523,0.26195028680688337,25,Psychiatrie / Abnormales Verhalten / Suizidversuch
Charlottenburg-Wilmersdorf,25.0,O,344,0.08430232558139535,25,Psychiatrie / Abnormales Verhalten / Suizidversuch
Charlottenburg-Wilmersdorf,26.0,A,747,0.09772423025435073,26,Kranke Person (Spezielle Krankheitsbilder)
Charlottenburg-Wilmersdorf,26.0,B,5805,0.11042204995693368,26,Kranke Person (Spezielle Krankheitsbilder)
Charlottenburg-Wilmersdorf,26.0,C,5820,0.24192439862542955,26,Kranke Person (Spezielle Krankheitsbilder)
Charlottenburg-Wilmersdorf,26.0,D,821,0.2582216808769793,26,Kranke Person (Spezielle Krankheitsbilder)
Charlottenburg-Wilmersdorf,27.0,D,63,0.3968253968253968,27,"Stich-, Schuss-, Pfählungsverletzung"
Charlottenburg-Wilmersdorf,28.0,C,4969,0.23223988730126785,28,Schlaganfall / Transitorische Ischämische Attacke (TIA)
Charlottenburg-Wilmersdorf,29.0,A,102,0.35294117647058826,29,Verkehrsunfall
Charlottenburg-Wilmersdorf,29.0,B,1289,0.36772692009309543,29,Verkehrsunfall
Charlottenburg-Wilmersdorf,29.0,D,1047,0.46131805157593125,29,Verkehrsunfall
Charlottenburg-Wilmersdorf,30.0,A,4187,0.15643658944351566,30,Verletzungen
Charlottenburg-Wilmersdorf,30.0,B,4267,0.20459339114131708,30,Verletzungen
Charlottenburg-Wilmersdorf,30.0,D,637,0.25902668759811615,30,Verletzungen
Charlottenburg-Wilmersdorf,31.0,A,4124,0.2507274490785645,31,Bewusstlosigkeit / Ohnmacht (Beinahe-)
Charlottenburg-Wilmersdorf,31.0,C,4761,0.24910733039277463,31,Bewusstlosigkeit / Ohnmacht (Beinahe-)
Charlottenburg-Wilmersdorf,31.0,D,7787,0.34942853473738283,31,Bewusstlosigkeit / Ohnmacht (Beinahe-)
Charlottenburg-Wilmersdorf,31.0,E,62,0.46774193548387094,31,Bewusstlosigkeit / Ohnmacht (Beinahe-)
Charlottenburg-Wilmersdorf,32.0,B,2899,0.2345636426353915,32,Unklares Geschehen (Person in Notlage)
Charlottenburg-Wilmersdorf,32.0,D,628,0.3089171974522293,32,Unklares Geschehen (Person in Notlage)
Charlottenburg-Wilmersdorf,33.0,A,452,0.1902654867256637,33,Anforderung von Rettungsmittel durch Versorgungseinrichtung / Palliative Medizin / Einweisung
Charlottenburg-Wilmersdorf,33.0,C,362,0.19889502762430938,33,Anforderung von Rettungsmittel durch Versorgungseinrichtung / Palliative Medizin / Einweisung
Charlottenburg-Wilmersdorf,33.0,D,30,0.26666666666666666,33,Anforderung von Rettungsmittel durch Versorgungseinrichtung / Palliative Medizin / Einweisung
Charlottenburg-Wilmersdorf,34.0,B,95,0.4,34,AUM (Automatische Unfallmeldung)
Friedrichshain-Kreuzberg,1.0,A,1073,0.12301957129543337,01,"Bauchschmerzen, -beschwerden"
Friedrichshain-Kreuzberg,1.0,C,4300,0.24046511627906977,01,"Bauchschmerzen, -beschwerden"
Friedrichshain-Kreuzberg,1.0,D,839,0.26460071513706795,01,"Bauchschmerzen, -beschwerden"
Friedrichshain-Kreuzberg,2.0,A,75,0.21333333333333335,02,"Allergie (Überreaktion) / Kontakt mit giftigen Tieren (Stiche, Bisse)"
Friedrichshain-Kreuzberg,2.0,B,251,0.24302788844621515,02,"Allergie (Überreaktion) / Kontakt mit giftigen Tieren (Stiche, Bisse)"
Friedrichshain-Kreuzberg,2.0,C,759,0.3557312252964427,02,"Allergie (Überreaktion) / Kontakt mit giftigen Tieren (Stiche, Bisse)"
Friedrichshain-Kreuzberg,2.0,D,196,0.5255102040816326,02,"Allergie (Überreaktion) / Kontakt mit giftigen Tieren (Stiche, Bisse)"
Friedrichshain-Kreuzberg,3.0,A,42,0.19047619047619047,03,Tierbiss / Tierangriff
Friedrichshain-Kreuzberg,3.0,B,74,0.1891891891891892,03,Tierbiss / Tierangriff
Friedrichshain-Kreuzberg,4.0,A,364,0.2445054945054945,04,Körperverletzung / Sexualdelikt / Elektroschocker
Friedrichshain-Kreuzberg,4.0,B,4010,0.2800498753117207,04,Körperverletzung / Sexualdelikt / Elektroschocker
Friedrichshain-Kreuzberg,4.0,D,564,0.3882978723404255,04,Körperverletzung / Sexualdelikt / Elektroschocker
Friedrichshain-Kreuzberg,5.0,C,1470,0.19387755102040816,05,Rückenschmerzen (Nicht traumatische Rückenschmerzen oder ältere Verletzung)
Friedrichshain-Kreuzberg,5.0,D,272,0.25,05,Rückenschmerzen (Nicht traumatische Rückenschmerzen oder ältere Verletzung)
Friedrichshain-Kreuzberg,6.0,C,5723,0.3043858116372532,06,Atembeschwerden
Friedrichshain-Kreuzberg,6.0,D,4685,0.42134471718249733,06,Atembeschwerden
Friedrichshain-Kreuzberg,6.0,E,77,0.5714285714285714,06,Atembeschwerden
Friedrichshain-Kreuzberg,7.0,A,156,0.23076923076923078,07,Verbrennungen (Verbrühungen) / Explosion (Detonation)
Friedrichshain-Kreuzberg,7.0,B,36,0.2222222222222222,07,Verbrennungen (Verbrühungen) / Explosion (Detonation)
Friedrichshain-Kreuzberg,7.0,C,47,0.44680851063829785,07,Verbrennungen (Verbrühungen) / Explosion (Detonation)
Friedrichshain-Kreuzberg,9.0,D,149,0.7114093959731543,09,"Kreislauf-, Atemstillstand / Tote Person"
Friedrichshain-Kreuzberg,9.0,E,868,0.6889400921658986,09,"Kreislauf-, Atemstillstand / Tote Person"
Friedrichshain-Kreuzberg,10.0,A,791,0.2579013906447535,10,Brustschmerzen / Andere Beschwerden in der Brust (Nicht Traumatisch)
Friedrichshain-Kreuzberg,10.0,C,3579,0.29533389214864486,10,Brustschmerzen / Andere Beschwerden in der Brust (Nicht Traumatisch)
Friedrichshain-Kreuzberg,10.0,D,2285,0.4415754923413567,10,Brustschmerzen / Andere Beschwerden in der Brust (Nicht Traumatisch)
Friedrichshain-Kreuzberg,11.0,D,191,0.5026178010471204,11,Atemwegsverlegung (Durch Fremdkörper)
Friedrichshain-Kreuzberg,12.0,A,1376,0.3481104651162791,12,Krampfanfall
Friedrichshain-Kreuzberg,12.0,B,240,0.4375,12,Krampfanfall
Friedrichshain-Kreuzberg,12.0,C,659,0.3216995447647951,12,Krampfanfall
Friedrichshain-Kreuzberg,12.0,D,1273,0.4925373134328358,12,Krampfanfall
Friedrichshain-Kreuzberg,13.0,C,745,0.29261744966442954,13,Blutzuckerentgleisungen
Friedrichshain-Kreuzberg,13.0,D,74,0.5135135135135135,13,Blutzuckerentgleisungen
Friedrichshain-Kreuzberg,15.0,C,104,0.22115384615384615,15,Stromunfall / Blitzschlag
Friedrichshain-Kreuzberg,16.0,A,291,0.24742268041237114,16,Augenprobleme / Verletzungen
Friedrichshain-Kreuzberg,16.0,B,137,0.23357664233576642,16,Augenprobleme / Verletzungen
Friedrichshain-Kreuzberg,17.0,A,4080,0.22892156862745097,17,Sturz / Absturz
Friedrichshain-Kreuzberg,17.0,B,8605,0.2608948285880302,17,Sturz / Absturz
Friedrichshain-Kreuzberg,17.0,C,236,0.3050847457627119,17,Sturz / Absturz
Friedrichshain-Kreuzberg,17.0,D,1900,0.3563157894736842,17,Sturz / Absturz
Friedrichshain-Kreuzberg,18.0,B,245,0.16326530612244897,18,Kopfschmerzen
Friedrichshain-Kreuzberg,18.0,C,788,0.2982233502538071,18,Kopfschmerzen
Friedrichshain-Kreuzberg,19.0,A,195,0.2,19,Herzbeschwerden / Implantierter Defibrillator
Friedrichshain-Kreuzberg,19.0,C,4083,0.27798187607151603,19,Herzbeschwerden / Implantierter Defibrillator
Friedrichshain-Kreuzberg,19.0,D,1309,0.40565317035905274,19,Herzbeschwerden / Implantierter Defibrillator
Friedrichshain-Kreuzberg,20.0,B,184,0.25,20,"Hitze-, Kälteprobleme"
Friedrichshain-Kreuzberg,20.0,D,55,0.34545454545454546,20,"Hitze-, Kälteprobleme"
Friedrichshain-Kreuzberg,21.0,A,194,0.17010309278350516,21,Blutung / Wunden
Friedrichshain-Kreuzberg,21.0,B,3398,0.2486756915832843,21,Blutung / Wunden
Friedrichshain-Kreuzberg,21.0,C,91,0.3076923076923077,21,Blutung / Wunden
Friedrichshain-Kreuzberg,21.0,D,1250,0.3408,21,Blutung / Wunden
Friedrichshain-Kreuzberg,23.0,B,2180,0.21513761467889908,23,Überdosis / Vergiftung (Einnahme)
Friedrichshain-Kreuzberg,23.0,C,7610,0.30315374507227333,23,Überdosis / Vergiftung (Einnahme)
Friedrichshain-Kreuzberg,23.0,D,689,0.4876632801161103,23,Überdosis / Vergiftung (Einnahme)
Friedrichshain-Kreuzberg,23.0,O,69,0.15942028985507245,23,Überdosis / Vergiftung (Einnahme)
Friedrichshain-Kreuzberg,24.0,A,33,0.09090909090909091,24,Schwangerschaft / Geburt / Fehlgeburt
Friedrichshain-Kreuzberg,24.0,B,280,0.25357142857142856,24,Schwangerschaft / Geburt / Fehlgeburt
Friedrichshain-Kreuzberg,24.0,C,382,0.25392670157068065,24,Schwangerschaft / Geburt / Fehlgeburt
Friedrichshain-Kreuzberg,24.0,D,505,0.3089108910891089,24,Schwangerschaft / Geburt / Fehlgeburt
Friedrichshain-Kreuzberg,24.0,O,62,0.08064516129032258,24,Schwangerschaft / Geburt / Fehlgeburt
Friedrichshain-Kreuzberg,25.0,A,3571,0.18118174180901708,25,Psychiatrie / Abnormales Verhalten / Suizidversuch
Friedrichshain-Kreuzberg,25.0,B,3748,0.28281750266808964,25,Psychiatrie / Abnormales Verhalten / Suizidversuch
Friedrichshain-Kreuzberg,25.0,C,1016,0.31003937007874016,25,Psychiatrie / Abnormales Verhalten / Suizidversuch
Friedrichshain-Kreuzberg,25.0,D,602,0.34053156146179403,25,Psychiatrie / Abnormales Verhalten / Suizidversuch
Friedrichshain-Kreuzberg,25.0,O,406,0.15763546798029557,25,Psychiatrie / Abnormales Verhalten / Suizidversuch
Friedrichshain-Kreuzberg,26.0,A,556,0.1223021582733813,26,Kranke Person (Spezielle Krankheitsbilder)
Friedrichshain-Kreuzberg,26.0,B,4477,0.15635470180924727,26,Kranke Person (Spezielle Krankheitsbilder)
Friedrichshain-Kreuzberg,26.0,C,4314,0.2807139545665276,26,Kranke Person (Spezielle Krankheitsbilder)
Friedrichshain-Kreuzberg,26.0,D,695,0.320863309352518,26,Kranke Person (Spezielle Krankheitsbilder)
Friedrichshain-Kreuzberg,27.0,B,40,0.35,27,"Stich-, Schuss-, Pfählungsverletzung"
Friedrichshain-Kreuzberg,27.0,D,105,0.5714285714285714,27,"Stich-, Schuss-, Pfählungsverletzung"
Friedrichshain-Kreuzberg,28.0,C,2054,0.28140214216163584,28,Schlaganfall / Transitorische Ischämische Attacke (TIA)
Friedrichshain-Kreuzberg,29.0,A,71,0.5774647887323944,29,Verkehrsunfall
Friedrichshain-Kreuzberg,29.0,B,762,0.5091863517060368,29,Verkehrsunfall
Friedrichshain-Kreuzberg,29.0,D,988,0.590080971659919,29,Verkehrsunfall
Friedrichshain-Kreuzberg,30.0,A,4496,0.2117437722419929,30,Verletzungen
Friedrichshain-Kreuzberg,30.0,B,4540,0.2592511013215859,30,Verletzungen
Friedrichshain-Kreuzberg,30.0,D,677,0.345642540620384,30,Verletzungen
Friedrichshain-Kreuzberg,31.0,A,3143,0.2876232898504613,31,Bewusstlosigkeit / Ohnmacht (Beinahe-)
Friedrichshain-Kreuzberg,31.0,C,3172,0.2985498108448928,31,Bewusstlosigkeit / Ohnmacht (Beinahe-)
Friedrichshain-Kreuzberg,31.0,D,7339,0.4311214061861289,31,Bewusstlosigkeit / Ohnmacht (Beinahe-)
Friedrichshain-Kreuzberg,32.0,B,2937,0.3009874021109976,32,Unklares Geschehen (Person in Notlage)
Friedrichshain-Kreuzberg,32.0,D,746,0.4450402144772118,32,Unklares Geschehen (Person in Notlage)
Friedrichshain-Kreuzberg,33.0,A,258,0.2558139534883721,33,Anforderung von Rettungsmittel durch Versorgungseinrichtung / Palliative Medizin / Einweisung
Friedrichshain-Kreuzberg,33.0,C,183,0.33879781420765026,33,Anforderung von Rettungsmittel durch Versorgungseinrichtung / Palliative Medizin / Einweisung
Friedrichshain-Kreuzberg,34.0,B,40,0.7,34,AUM (Automatische Unfallmeldung)
Lichtenberg,1.0,A,1458,0.045953360768175584,01,"Bauchschmerzen, -beschwerden"
Lichtenberg,1.0,C,5349,0.12338754907459339,01,"Bauchschmerzen, -beschwerden"
Lichtenberg,1.0,D,1050,0.1523809523809524,01,"Bauchschmerzen, -beschwerden"
Lichtenberg,2.0,A,61,0.08196721311475409,02,"Allergie (Überreaktion) / Kontakt mit giftigen Tieren (Stiche, Bisse)"
Lichtenberg,2.0,B,215,0.14418604651162792,02,"Allergie (Überreaktion) / Kontakt mit giftigen Tieren (Stiche, Bisse)"
Lichtenberg,2.0,C,522,0.17049808429118773,02,"Allergie (Überreaktion) / Kontakt mit giftigen Tieren (Stiche, Bisse)"
Lichtenberg,2.0,D,164,0.21341463414634146,02,"Allergie (Überreaktion) / Kontakt mit giftigen Tieren (Stiche, Bisse)"
Lichtenberg,3.0,A,40,0.125,03,Tierbiss / Tierangriff
Lichtenberg,3.0,B,78,0.08974358974358974,03,Tierbiss / Tierangriff
Lichtenberg,4.0,A,183,0.13114754098360656,04,Körperverletzung / Sexualdelikt / Elektroschocker
Lichtenberg,4.0,B,1860,0.12634408602150538,04,Körperverletzung / Sexualdelikt / Elektroschocker
Lichtenberg,4.0,D,282,0.2127659574468085,04,Körperverletzung / Sexualdelikt / Elektroschocker
Lichtenberg,5.0,A,34,0.029411764705882353,05,Rückenschmerzen (Nicht traumatische Rückenschmerzen oder ältere Verletzung)
Lichtenberg,5.0,C,1970,0.09441624365482233,05,Rückenschmerzen (Nicht traumatische Rückenschmerzen oder ältere Verletzung)
Lichtenberg,5.0,D,422,0.13033175355450238,05,Rückenschmerzen (Nicht traumatische Rückenschmerzen oder ältere Verletzung)
Lichtenberg,6.0,C,6808,0.14791421856639247,06,Atembeschwerden
Lichtenberg,6.0,D,6475,0.18872586872586872,06,Atembeschwerden
Lichtenberg,6.0,E,66,0.24242424242424243,06,Atembeschwerden
Lichtenberg,7.0,A,150,0.14,07,Verbrennungen (Verbrühungen) / Explosion (Detonation)
Lichtenberg,7.0,B,38,0.13157894736842105,07,Verbrennungen (Verbrühungen) / Explosion (Detonation)
Lichtenberg,7.0,C,48,0.22916666666666666,07,Verbrennungen (Verbrühungen) / Explosion (Detonation)
Lichtenberg,9.0,D,150,0.26,09,"Kreislauf-, Atemstillstand / Tote Person"
Lichtenberg,9.0,E,1066,0.35647279549718575,09,"Kreislauf-, Atemstillstand / Tote Person"
Lichtenberg,10.0,A,687,0.15283842794759825,10,Brustschmerzen / Andere Beschwerden in der Brust (Nicht Traumatisch)
Lichtenberg,10.0,C,4539,0.14144084600132187,10,Brustschmerzen / Andere Beschwerden in der Brust (Nicht Traumatisch)
Lichtenberg,10.0,D,3298,0.1873862947240752,10,Brustschmerzen / Andere Beschwerden in der Brust (Nicht Traumatisch)
Lichtenberg,11.0,D,244,0.23770491803278687,11,Atemwegsverlegung (Durch Fremdkörper)
Lichtenberg,12.0,A,1019,0.1786064769381747,12,Krampfanfall
Lichtenberg,12.0,B,158,0.17088607594936708,12,Krampfanfall
Lichtenberg,12.0,C,698,0.19197707736389685,12,Krampfanfall
Lichtenberg,12.0,D,1006,0.2753479125248509,12,Krampfanfall
Lichtenberg,13.0,C,981,0.15086646279306828,13,Blutzuckerentgleisungen
Lichtenberg,13.0,D,107,0.2897196261682243,13,Blutzuckerentgleisungen
Lichtenberg,15.0,C,125,0.152,15,Stromunfall / Blitzschlag
Lichtenberg,16.0,A,172,0.06395348837209303,16,Augenprobleme / Verletzungen
Lichtenberg,16.0,B,124,0.10483870967741936,16,Augenprobleme / Verletzungen
Lichtenberg,17.0,A,5803,0.1280372221264863,17,Sturz / Absturz
Lichtenberg,17.0,B,11470,0.13583260680034873,17,Sturz / Absturz
Lichtenberg,17.0,C,329,0.13069908814589665,17,Sturz / Absturz
Lichtenberg,17.0,D,2220,0.17117117117117117,17,Sturz / Absturz
Lichtenberg,18.0,B,260,0.06538461538461539,18,Kopfschmerzen
Lichtenberg,18.0,C,997,0.12337011033099297,18,Kopfschmerzen
Lichtenberg,19.0,A,167,0.1317365269461078,19,Herzbeschwerden / Implantierter Defibrillator
Lichtenberg,19.0,C,5886,0.13557594291539246,19,Herzbeschwerden / Implantierter Defibrillator
Lichtenberg,19.0,D,1686,0.19098457888493475,19,Herzbeschwerden / Implantierter Defibrillator
Lichtenberg,20.0,B,91,0.07692307692307693,20,"Hitze-, Kälteprobleme"
Lichtenberg,21.0,A,200,0.03,21,Blutung / Wunden
Lichtenberg,21.0,B,4314,0.11891515994436717,21,Blutung / Wunden
Lichtenberg,21.0,C,128,0.1875,21,Blutung / Wunden
Lichtenberg,21.0,D,1657,0.16113458056729027,21,Blutung / Wunden
Lichtenberg,23.0,B,1425,0.0968421052631579,23,Überdosis / Vergiftung (Einnahme)
Lichtenberg,23.0,C,3359,0.15212860970526942,23,Überdosis / Vergiftung (Einnahme)
Lichtenberg,23.0,D,217,0.2350230414746544,23,Überdosis / Vergiftung (Einnahme)
Lichtenberg,23.0,O,38,0.13157894736842105,23,Überdosis / Vergiftung (Einnahme)
Lichtenberg,24.0,A,46,0.06521739130434782,24,Schwangerschaft / Geburt / Fehlgeburt
Lichtenberg,24.0,B,595,0.15126050420168066,24,Schwangerschaft / Geburt / Fehlgeburt
Lichtenberg,24.0,C,524,0.13358778625954199,24,Schwangerschaft / Geburt / Fehlgeburt
Lichtenberg,24.0,D,942,0.16772823779193205,24,Schwangerschaft / Geburt / Fehlgeburt
Lichtenberg,24.0,O,140,0.03571428571428571,24,Schwangerschaft / Geburt / Fehlgeburt
Lichtenberg,25.0,A,2549,0.0745390349156532,25,Psychiatrie / Abnormales Verhalten / Suizidversuch
Lichtenberg,25.0,B,3321,0.13489912676904547,25,Psychiatrie / Abnormales Verhalten / Suizidversuch
Lichtenberg,25.0,C,747,0.1499330655957162,25,Psychiatrie / Abnormales Verhalten / Suizidversuch
Lichtenberg,25.0,D,493,0.17849898580121704,25,Psychiatrie / Abnormales Verhalten / Suizidversuch
Lichtenberg,25.0,O,387,0.056847545219638244,25,Psychiatrie / Abnormales Verhalten / Suizidversuch
Lichtenberg,26.0,A,579,0.05181347150259067,26,Kranke Person (Spezielle Krankheitsbilder)
Lichtenberg,26.0,B,4368,0.057692307692307696,26,Kranke Person (Spezielle Krankheitsbilder)
Lichtenberg,26.0,C,5277,0.1648664013644116,26,Kranke Person (Spezielle Krankheitsbilder)
Lichtenberg,26.0,D,671,0.15648286140089418,26,Kranke Person (Spezielle Krankheitsbilder)
Lichtenberg,27.0,D,57,0.22807017543859648,27,"Stich-, Schuss-, Pfählungsverletzung"
Lichtenberg,28.0,C,3887,0.15950604579367123,28,Schlaganfall / Transitorische Ischämische Attacke (TIA)
Lichtenberg,29.0,A,43,0.3488372093023256,29,Verkehrsunfall
Lichtenberg,29.0,B,504,0.2757936507936508,29,Verkehrsunfall
Lichtenberg,29.0,D,600,0.3016666666666667,29,Verkehrsunfall
Lichtenberg,30.0,A,3297,0.1091901728844404,30,Verletzungen
Lichtenberg,30.0,B,3195,0.13020344287949923,30,Verletzungen
Lichtenberg,30.0,D,520,0.18846153846153846,30,Verletzungen
Lichtenberg,31.0,A,3076,0.14791937581274384,31,Bewusstlosigkeit / Ohnmacht (Beinahe-)
Lichtenberg,31.0,C,3653,0.1661647960580345,31,Bewusstlosigkeit / Ohnmacht (Beinahe-)
Lichtenberg,31.0,D,5903,0.2266644079281721,31,Bewusstlosigkeit / Ohnmacht (Beinahe-)
Lichtenberg,31.0,E,44,0.38636363636363635,31,Bewusstlosigkeit / Ohnmacht (Beinahe-)
Lichtenberg,32.0,B,2027,0.1480019733596448,32,Unklares Geschehen (Person in Notlage)
Lichtenberg,32.0,D,352,0.17329545454545456,32,Unklares Geschehen (Person in Notlage)
Lichtenberg,33.0,A,265,0.1811320754716981,33,Anforderung von Rettungsmittel durch Versorgungseinrichtung / Palliative Medizin / Einweisung
Lichtenberg,33.0,C,202,0.21287128712871287,33,Anforderung von Rettungsmittel durch Versorgungseinrichtung / Palliative Medizin / Einweisung
Marzahn-Hellersdorf,1.0,A,1387,0.04686373467916366,01,"Bauchschmerzen, -beschwerden"
Marzahn-Hellersdorf,1.0,C,5083,0.09620302970686602,01,"Bauchschmerzen, -beschwerden"
Marzahn-Hellersdorf,1.0,D,957,0.11180773249738767,01,"Bauchschmerzen, -beschwerden"
Marzahn-Hellersdorf,2.0,A,62,0.0967741935483871,02,"Allergie (Überreaktion) / Kontakt mit giftigen Tieren (Stiche, Bisse)"
Marzahn-Hellersdorf,2.0,B,180,0.08888888888888889,02,"Allergie (Überreaktion) / Kontakt mit giftigen Tieren (Stiche, Bisse)"
Marzahn-Hellersdorf,2.0,C,519,0.14258188824662812,02,"Allergie (Überreaktion) / Kontakt mit giftigen Tieren (Stiche, Bisse)"
Marzahn-Hellersdorf,2.0,D,171,0.18128654970760233,02,"Allergie (Überreaktion) / Kontakt mit giftigen Tieren (Stiche, Bisse)"
Marzahn-Hellersdorf,3.0,B,64,0.109375,03,Tierbiss / Tierangriff
Marzahn-Hellersdorf,4.0,A,147,0.09523809523809523,04,Körperverletzung / Sexualdelikt / Elektroschocker
Marzahn-Hellersdorf,4.0,B,1795,0.10974930362116991,04,Körperverletzung / Sexualdelikt / Elektroschocker
Marzahn-Hellersdorf,4.0,D,244,0.09836065573770492,04,Körperverletzung / Sexualdelikt / Elektroschocker
Marzahn-Hellersdorf,5.0,C,1948,0.09188911704312115,05,Rückenschmerzen (Nicht traumatische Rückenschmerzen oder ältere Verletzung)
Marzahn-Hellersdorf,5.0,D,375,0.09066666666666667,05,Rückenschmerzen (Nicht traumatische Rückenschmerzen oder ältere Verletzung)
Marzahn-Hellersdorf,6.0,C,6419,0.12167004206262658,06,Atembeschwerden
Marzahn-Hellersdorf,6.0,D,7043,0.1601590231435468,06,Atembeschwerden
Marzahn-Hellersdorf,6.0,E,98,0.25510204081632654,06,Atembeschwerden
Marzahn-Hellersdorf,7.0,A,115,0.13043478260869565,07,Verbrennungen (Verbrühungen) / Explosion (Detonation)
Marzahn-Hellersdorf,7.0,B,38,0.10526315789473684,07,Verbrennungen (Verbrühungen) / Explosion (Detonation)
Marzahn-Hellersdorf,7.0,C,57,0.17543859649122806,07,Verbrennungen (Verbrühungen) / Explosion (Detonation)
Marzahn-Hellersdorf,9.0,D,190,0.29473684210526313,09,"Kreislauf-, Atemstillstand / Tote Person"
Marzahn-Hellersdorf,9.0,E,1131,0.3306808134394341,09,"Kreislauf-, Atemstillstand / Tote Person"
Marzahn-Hellersdorf,10.0,A,610,0.10327868852459017,10,Brustschmerzen / Andere Beschwerden in der Brust (Nicht Traumatisch)
Marzahn-Hellersdorf,10.0,C,4336,0.11923431734317343,10,Brustschmerzen / Andere Beschwerden in der Brust (Nicht Traumatisch)
Marzahn-Hellersdorf,10.0,D,3533,0.16105292952165298,10,Brustschmerzen / Andere Beschwerden in der Brust (Nicht Traumatisch)
Marzahn-Hellersdorf,11.0,D,208,0.21153846153846154,11,Atemwegsverlegung (Durch Fremdkörper)
Marzahn-Hellersdorf,12.0,A,843,0.1542111506524318,12,Krampfanfall
Marzahn-Hellersdorf,12.0,B,185,0.15675675675675677,12,Krampfanfall
Marzahn-Hellersdorf,12.0,C,661,0.1361573373676248,12,Krampfanfall
Marzahn-Hellersdorf,12.0,D,938,0.1929637526652452,12,Krampfanfall
Marzahn-Hellersdorf,13.0,C,1058,0.10586011342155009,13,Blutzuckerentgleisungen
Marzahn-Hellersdorf,13.0,D,125,0.192,13,Blutzuckerentgleisungen
Marzahn-Hellersdorf,15.0,C,75,0.13333333333333333,15,Stromunfall / Blitzschlag
Marzahn-Hellersdorf,16.0,A,158,0.06329113924050633,16,Augenprobleme / Verletzungen
Marzahn-Hellersdorf,16.0,B,90,0.12222222222222222,16,Augenprobleme / Verletzungen
Marzahn-Hellersdorf,17.0,A,4992,0.10697115384615384,17,Sturz / Absturz
Marzahn-Hellersdorf,17.0,B,9577,0.12185444293620132,17,Sturz / Absturz
Marzahn-Hellersdorf,17.0,C,309,0.13592233009708737,17,Sturz / Absturz
Marzahn-Hellersdorf,17.0,D,1933,0.15054319710294878,17,Sturz / Absturz
Marzahn-Hellersdorf,18.0,B,203,0.054187192118226604,18,Kopfschmerzen
Marzahn-Hellersdorf,18.0,C,896,0.11830357142857142,18,Kopfschmerzen
Marzahn-Hellersdorf,19.0,A,167,0.11976047904191617,19,Herzbeschwerden / Implantierter Defibrillator
Marzahn-Hellersdorf,19.0,C,5722,0.12425725270884307,19,Herzbeschwerden / Implantierter Defibrillator
Marzahn-Hellersdorf,19.0,D,1828,0.18271334792122537,19,Herzbeschwerden / Implantierter Defibrillator
Marzahn-Hellersdorf,20.0,B,83,0.08433734939759036,20,"Hitze-, Kälteprobleme"
Marzahn-Hellersdorf,21.0,A,160,0.08125,21,Blutung / Wunden
Marzahn-Hellersdorf,21.0,B,3985,0.10163111668757842,21,Blutung / Wunden
Marzahn-Hellersdorf,21.0,C,123,0.13008130081300814,21,Blutung / Wunden
Marzahn-Hellersdorf,21.0,D,1596,0.11779448621553884,21,Blutung / Wunden
Marzahn-Hellersdorf,23.0,B,1298,0.0963020030816641,23,Überdosis / Vergiftung (Einnahme)
Marzahn-Hellersdorf,23.0,C,2686,0.11169024571854058,23,Überdosis / Vergiftung (Einnahme)
Marzahn-Hellersdorf,23.0,D,215,0.2186046511627907,23,Überdosis / Vergiftung (Einnahme)
Marzahn-Hellersdorf,23.0,O,34,0.17647058823529413,23,Überdosis / Vergiftung (Einnahme)
Marzahn-Hellersdorf,24.0,A,44,0.022727272727272728,24,Schwangerschaft / Geburt / Fehlgeburt
Marzahn-Hellersdorf,24.0,B,606,0.12046204620462046,24,Schwangerschaft / Geburt / Fehlgeburt
Marzahn-Hellersdorf,24.0,C,535,0.102803738317757,24,Schwangerschaft / Geburt / Fehlgeburt
Marzahn-Hellersdorf,24.0,D,1050,0.11619047619047619,24,Schwangerschaft / Geburt / Fehlgeburt
Marzahn-Hellersdorf,24.0,O,141,0.04964539007092199,24,Schwangerschaft / Geburt / Fehlgeburt
Marzahn-Hellersdorf,25.0,A,1969,0.08125952260030472,25,Psychiatrie / Abnormales Verhalten / Suizidversuch
Marzahn-Hellersdorf,25.0,B,2924,0.1179890560875513,25,Psychiatrie / Abnormales Verhalten / Suizidversuch
Marzahn-Hellersdorf,25.0,C,700,0.10714285714285714,25,Psychiatrie / Abnormales Verhalten / Suizidversuch
Marzahn-Hellersdorf,25.0,D,439,0.13895216400911162,25,Psychiatrie / Abnormales Verhalten / Suizidversuch
Marzahn-Hellersdorf,25.0,O,319,0.05642633228840126,25,Psychiatrie / Abnormales Verhalten / Suizidversuch
Marzahn-Hellersdorf,26.0,A,476,0.052521008403361345,26,Kranke Person (Spezielle Krankheitsbilder)
Marzahn-Hellersdorf,26.0,B,3684,0.06026058631921824,26,Kranke Person (Spezielle Krankheitsbilder)
Marzahn-Hellersdorf,26.0,C,4670,0.12740899357601712,26,Kranke Person (Spezielle Krankheitsbilder)
Marzahn-Hellersdorf,26.0,D,634,0.12618296529968454,26,Kranke Person (Spezielle Krankheitsbilder)
Marzahn-Hellersdorf,27.0,D,43,0.20930232558139536,27,"Stich-, Schuss-, Pfählungsverletzung"
Marzahn-Hellersdorf,28.0,C,4204,0.12464319695528069,28,Schlaganfall / Transitorische Ischämische Attacke (TIA)
Marzahn-Hellersdorf,29.0,A,51,0.2549019607843137,29,Verkehrsunfall
Marzahn-Hellersdorf,29.0,B,501,0.2554890219560878,29,Verkehrsunfall
Marzahn-Hellersdorf,29.0,D,569,0.2583479789103691,29,Verkehrsunfall
Marzahn-Hellersdorf,30.0,A,2746,0.09468317552804079,30,Verletzungen
Marzahn-Hellersdorf,30.0,B,2758,0.1316171138506164,30,Verletzungen
Marzahn-Hellersdorf,30.0,D,416,0.14182692307692307,30,Verletzungen
Marzahn-Hellersdorf,31.0,A,2851,0.13433882848123466,31,Bewusstlosigkeit / Ohnmacht (Beinahe-)
Marzahn-Hellersdorf,31.0,C,3354,0.14311270125223613,31,Bewusstlosigkeit / Ohnmacht (Beinahe-)
Marzahn-Hellersdorf,31.0,D,5242,0.18466234261732165,31,Bewusstlosigkeit / Ohnmacht (Beinahe-)
Marzahn-Hellersdorf,32.0,B,1558,0.1258023106546855,32,Unklares Geschehen (Person in Notlage)
Marzahn-Hellersdorf,32.0,D,326,0.19938650306748465,32,Unklares Geschehen (Person in Notlage)
Marzahn-Hellersdorf,33.0,A,217,0.12442396313364056,33,Anforderung von Rettungsmittel durch Versorgungseinrichtung / Palliative Medizin / Einweisung
Marzahn-Hellersdorf,33.0,C,169,0.14201183431952663,33,Anforderung von Rettungsmittel durch Versorgungseinrichtung / Palliative Medizin / Einweisung
Marzahn-Hellersdorf,34.0,B,33,0.21212121212121213,34,AUM (Automatische Unfallmeldung)
Mitte,1.0,A,1974,0.10182370820668693,01,"Bauchschmerzen, -beschwerden"
Mitte,1.0,C,7452,0.21027911969940954,01,"Bauchschmerzen, -beschwerden"
Mitte,1.0,D,1356,0.2691740412979351,01,"Bauchschmerzen, -beschwerden"
Mitte,2.0,A,130,0.19230769230769232,02,"Allergie (Überreaktion) / Kontakt mit giftigen Tieren (Stiche, Bisse)"
Mitte,2.0,B,417,0.18944844124700239,02,"Allergie (Überreaktion) / Kontakt mit giftigen Tieren (Stiche, Bisse)"
Mitte,2.0,C,1093,0.30558096980786825,02,"Allergie (Überreaktion) / Kontakt mit giftigen Tieren (Stiche, Bisse)"
Mitte,2.0,D,294,0.42517006802721086,02,"Allergie (Überreaktion) / Kontakt mit giftigen Tieren (Stiche, Bisse)"
Mitte,3.0,A,61,0.19672131147540983,03,Tierbiss / Tierangriff
Mitte,3.0,B,82,0.25609756097560976,03,Tierbiss / Tierangriff
Mitte,4.0,A,471,0.19745222929936307,04,Körperverletzung / Sexualdelikt / Elektroschocker
Mitte,4.0,B,5081,0.2249557173784688,04,Körperverletzung / Sexualdelikt / Elektroschocker
Mitte,4.0,D,769,0.33940182054616386,04,Körperverletzung / Sexualdelikt / Elektroschocker
Mitte,5.0,A,63,0.07936507936507936,05,Rückenschmerzen (Nicht traumatische Rückenschmerzen oder ältere Verletzung)
Mitte,5.0,C,2723,0.17480719794344474,05,Rückenschmerzen (Nicht traumatische Rückenschmerzen oder ältere Verletzung)
Mitte,5.0,D,486,0.2716049382716049,05,Rückenschmerzen (Nicht traumatische Rückenschmerzen oder ältere Verletzung)
Mitte,6.0,C,9845,0.2529202640934485,06,Atembeschwerden
Mitte,6.0,D,7818,0.34458940905602453,06,Atembeschwerden
Mitte,6.0,E,125,0.48,06,Atembeschwerden
Mitte,7.0,A,214,0.2570093457943925,07,Verbrennungen (Verbrühungen) / Explosion (Detonation)
Mitte,7.0,B,64,0.125,07,Verbrennungen (Verbrühungen) / Explosion (Detonation)
Mitte,7.0,C,59,0.288135593220339,07,Verbrennungen (Verbrühungen) / Explosion (Detonation)
Mitte,9.0,D,206,0.470873786407767,09,"Kreislauf-, Atemstillstand / Tote Person"
Mitte,9.0,E,1415,0.6169611307420495,09,"Kreislauf-, Atemstillstand / Tote Person"
Mitte,10.0,A,1245,0.2433734939759036,10,Brustschmerzen / Andere Beschwerden in der Brust (Nicht Traumatisch)
Mitte,10.0,C,6017,0.2665780289180655,10,Brustschmerzen / Andere Beschwerden in der Brust (Nicht Traumatisch)
Mitte,10.0,D,4268,0.35309278350515466,10,Brustschmerzen / Andere Beschwerden in der Brust (Nicht Traumatisch)
Mitte,11.0,A,35,0.22857142857142856,11,Atemwegsverlegung (Durch Fremdkörper)
Mitte,11.0,D,290,0.3620689655172414,11,Atemwegsverlegung (Durch Fremdkörper)
Mitte,11.0,E,30,0.7,11,Atemwegsverlegung (Durch Fremdkörper)
Mitte,12.0,A,2122,0.293119698397738,12,Krampfanfall
Mitte,12.0,B,371,0.3557951482479784,12,Krampfanfall
Mitte,12.0,C,955,0.2879581151832461,12,Krampfanfall
Mitte,12.0,D,1926,0.4569055036344756,12,Krampfanfall
Mitte,13.0,C,1387,0.2335976928622927,13,Blutzuckerentgleisungen
Mitte,13.0,D,95,0.45263157894736844,13,Blutzuckerentgleisungen
Mitte,15.0,C,167,0.2634730538922156,15,Stromunfall / Blitzschlag
Mitte,15.0,D,36,0.5,15,Stromunfall / Blitzschlag
Mitte,16.0,A,434,0.1935483870967742,16,Augenprobleme / Verletzungen
Mitte,16.0,B,221,0.22624434389140272,16,Augenprobleme / Verletzungen
Mitte,17.0,A,7168,0.19070870535714285,17,Sturz / Absturz
Mitte,17.0,B,15528,0.22597887686759402,17,Sturz / Absturz
Mitte,17.0,C,390,0.3230769230769231,17,Sturz / Absturz
Mitte,17.0,D,3005,0.3214642262895175,17,Sturz / Absturz
Mitte,18.0,B,406,0.11822660098522167,18,Kopfschmerzen
Mitte,18.0,C,1488,0.24865591397849462,18,Kopfschmerzen
Mitte,19.0,A,319,0.23197492163009403,19,Herzbeschwerden / Implantierter Defibrillator
Mitte,19.0,C,7235,0.2451969592259848,19,Herzbeschwerden / Implantierter Defibrillator
Mitte,19.0,D,2202,0.33287920072661215,19,Herzbeschwerden / Implantierter Defibrillator
Mitte,20.0,B,277,0.18772563176895307,20,"Hitze-, Kälteprobleme"
Mitte,20.0,D,81,0.30864197530864196,20,"Hitze-, Kälteprobleme"
Mitte,21.0,A,305,0.10491803278688525,21,Blutung / Wunden
Mitte,21.0,B,5769,0.21303518807418964,21,Blutung / Wunden
Mitte,21.0,C,144,0.22916666666666666,21,Blutung / Wunden
Mitte,21.0,D,2040,0.2818627450980392,21,Blutung / Wunden
Mitte,23.0,B,3349,0.17856076440728574,23,Überdosis / Vergiftung (Einnahme)
Mitte,23.0,C,9295,0.26239913932221626,23,Überdosis / Vergiftung (Einnahme)
Mitte,23.0,D,668,0.41467065868263475,23,Überdosis / Vergiftung (Einnahme)
Mitte,23.0,O,91,0.15384615384615385,23,Überdosis / Vergiftung (Einnahme)
Mitte,24.0,A,56,0.08928571428571429,24,Schwangerschaft / Geburt / Fehlgeburt
Mitte,24.0,B,529,0.27032136105860116,24,Schwangerschaft / Geburt / Fehlgeburt
Mitte,24.0,C,707,0.23903818953323905,24,Schwangerschaft / Geburt / Fehlgeburt
Mitte,24.0,D,939,0.2736954206602769,24,Schwangerschaft / Geburt / Fehlgeburt
Mitte,24.0,O,98,0.09183673469387756,24,Schwangerschaft / Geburt / Fehlgeburt
Mitte,25.0,A,5076,0.13041765169424743,25,Psychiatrie / Abnormales Verhalten / Suizidversuch
Mitte,25.0,B,5629,0.22934801918635636,25,Psychiatrie / Abnormales Verhalten / Suizidversuch
Mitte,25.0,C,1395,0.27025089605734764,25,Psychiatrie / Abnormales Verhalten / Suizidversuch
Mitte,25.0,D,783,0.30140485312899107,25,Psychiatrie / Abnormales Verhalten / Suizidversuch
Mitte,25.0,O,608,0.11842105263157894,25,Psychiatrie / Abnormales Verhalten / Suizidversuch
Mitte,26.0,A,1011,0.10880316518298715,26,Kranke Person (Spezielle Krankheitsbilder)
Mitte,26.0,B,8047,0.1226544053684603,26,Kranke Person (Spezielle Krankheitsbilder)
Mitte,26.0,C,6897,0.25460345077569957,26,Kranke Person (Spezielle Krankheitsbilder)
Mitte,26.0,D,1150,0.2843478260869565,26,Kranke Person (Spezielle Krankheitsbilder)
Mitte,27.0,B,42,0.19047619047619047,27,"Stich-, Schuss-, Pfählungsverletzung"
Mitte,27.0,D,165,0.5151515151515151,27,"Stich-, Schuss-, Pfählungsverletzung"
Mitte,28.0,C,3862,0.262558259968928,28,Schlaganfall / Transitorische Ischämische Attacke (TIA)
Mitte,29.0,A,107,0.4392523364485981,29,Verkehrsunfall
Mitte,29.0,B,1453,0.4301445285615967,29,Verkehrsunfall
Mitte,29.0,D,1633,0.5101041028781383,29,Verkehrsunfall
Mitte,30.0,A,6911,0.17754304731587325,30,Verletzungen
Mitte,30.0,B,6885,0.22033405954974583,30,Verletzungen
Mitte,30.0,D,1028,0.3239299610894942,30,Verletzungen
Mitte,31.0,A,5517,0.26391154613014317,31,Bewusstlosigkeit / Ohnmacht (Beinahe-)
Mitte,31.0,C,5685,0.2714160070360598,31,Bewusstlosigkeit / Ohnmacht (Beinahe-)
Mitte,31.0,D,10904,0.3737160674981658,31,Bewusstlosigkeit / Ohnmacht (Beinahe-)
Mitte,31.0,E,59,0.6610169491525424,31,Bewusstlosigkeit / Ohnmacht (Beinahe-)
Mitte,32.0,B,4799,0.24505105230256302,32,Unklares Geschehen (Person in Notlage)
Mitte,32.0,D,1015,0.36551724137931035,32,Unklares Geschehen (Person in Notlage)
Mitte,33.0,A,356,0.2303370786516854,33,Anforderung von Rettungsmittel durch Versorgungseinrichtung / Palliative Medizin / Einweisung
Mitte,33.0,C,353,0.26912181303116145,33,Anforderung von Rettungsmittel durch Versorgungseinrichtung / Palliative Medizin / Einweisung
Mitte,34.0,B,80,0.325,34,AUM (Automatische Unfallmeldung)
Neukölln,1.0,A,1454,0.07015130674002751,01,"Bauchschmerzen, -beschwerden"
Neukölln,1.0,C,5849,0.13609163959651221,01,"Bauchschmerzen, -beschwerden"
Neukölln,1.0,D,1108,0.16787003610108303,01,"Bauchschmerzen, -beschwerden"
Neukölln,2.0,A,70,0.14285714285714285,02,"Allergie (Überreaktion) / Kontakt mit giftigen Tieren (Stiche, Bisse)"
Neukölln,2.0,B,250,0.124,02,"Allergie (Überreaktion) / Kontakt mit giftigen Tieren (Stiche, Bisse)"
Neukölln,2.0,C,711,0.23628691983122363,02,"Allergie (Überreaktion) / Kontakt mit giftigen Tieren (Stiche, Bisse)"
Neukölln,2.0,D,210,0.2904761904761905,02,"Allergie (Überreaktion) / Kontakt mit giftigen Tieren (Stiche, Bisse)"
Neukölln,3.0,A,58,0.15517241379310345,03,Tierbiss / Tierangriff
Neukölln,3.0,B,60,0.15,03,Tierbiss / Tierangriff
Neukölln,4.0,A,253,0.1541501976284585,04,Körperverletzung / Sexualdelikt / Elektroschocker
Neukölln,4.0,B,2851,0.203788144510698,04,Körperverletzung / Sexualdelikt / Elektroschocker
Neukölln,4.0,D,393,0.23918575063613232,04,Körperverletzung / Sexualdelikt / Elektroschocker
Neukölln,5.0,A,37,0.10810810810810811,05,Rückenschmerzen (Nicht traumatische Rückenschmerzen oder ältere Verletzung)
Neukölln,5.0,C,2293,0.113388573920628,05,Rückenschmerzen (Nicht traumatische Rückenschmerzen oder ältere Verletzung)
Neukölln,5.0,D,433,0.14549653579676675,05,Rückenschmerzen (Nicht traumatische Rückenschmerzen oder ältere Verletzung)
Neukölln,6.0,C,8495,0.17739846968805179,06,Atembeschwerden
Neukölln,6.0,D,8138,0.26787908577045955,06,Atembeschwerden
Neukölln,6.0,E,130,0.2846153846153846,06,Atembeschwerden
Neukölln,7.0,A,205,0.17073170731707318,07,Verbrennungen (Verbrühungen) / Explosion (Detonation)
Neukölln,7.0,B,40,0.125,07,Verbrennungen (Verbrühungen) / Explosion (Detonation)
Neukölln,7.0,C,59,0.15254237288135594,07,Verbrennungen (Verbrühungen) / Explosion (Detonation)
Neukölln,9.0,D,194,0.4793814432989691,09,"Kreislauf-, Atemstillstand / Tote Person"
Neukölln,9.0,E,1206,0.4552238805970149,09,"Kreislauf-, Atemstillstand / Tote Person"
Neukölln,10.0,A,884,0.14705882352941177,10,Brustschmerzen / Andere Beschwerden in der Brust (Nicht Traumatisch)
Neukölln,10.0,C,4586,0.17226341037941562,10,Brustschmerzen / Andere Beschwerden in der Brust (Nicht Traumatisch)
Neukölln,10.0,D,4119,0.2607428987618354,10,Brustschmerzen / Andere Beschwerden in der Brust (Nicht Traumatisch)
Neukölln,11.0,A,33,0.15151515151515152,11,Atemwegsverlegung (Durch Fremdkörper)
Neukölln,11.0,D,216,0.2638888888888889,11,Atemwegsverlegung (Durch Fremdkörper)
Neukölln,12.0,A,1056,0.22727272727272727,12,Krampfanfall
Neukölln,12.0,B,180,0.26666666666666666,12,Krampfanfall
Neukölln,12.0,C,642,0.22118380062305296,12,Krampfanfall
Neukölln,12.0,D,1094,0.3647166361974406,12,Krampfanfall
Neukölln,13.0,C,1066,0.1772983114446529,13,Blutzuckerentgleisungen
Neukölln,13.0,D,96,0.3333333333333333,13,Blutzuckerentgleisungen
Neukölln,15.0,C,126,0.12698412698412698,15,Stromunfall / Blitzschlag
Neukölln,16.0,A,277,0.1299638989169675,16,Augenprobleme / Verletzungen
Neukölln,16.0,B,141,0.1702127659574468,16,Augenprobleme / Verletzungen
Neukölln,17.0,A,5863,0.14446529080675422,17,Sturz / Absturz
Neukölln,17.0,B,11075,0.16316027088036117,17,Sturz / Absturz
Neukölln,17.0,C,291,0.16151202749140894,17,Sturz / Absturz
Neukölln,17.0,D,2300,0.22217391304347825,17,Sturz / Absturz
Neukölln,18.0,B,262,0.07251908396946564,18,Kopfschmerzen
Neukölln,18.0,C,1193,0.14836546521374686,18,Kopfschmerzen
Neukölln,19.0,A,214,0.1261682242990654,19,Herzbeschwerden / Implantierter Defibrillator
Neukölln,19.0,C,5851,0.16304905144419757,19,Herzbeschwerden / Implantierter Defibrillator
Neukölln,19.0,D,1880,0.27872340425531916,19,Herzbeschwerden / Implantierter Defibrillator
Neukölln,20.0,B,133,0.15037593984962405,20,"Hitze-, Kälteprobleme"
Neukölln,21.0,A,189,0.06349206349206349,21,Blutung / Wunden
Neukölln,21.0,B,4551,0.14194682487365415,21,Blutung / Wunden
Neukölln,21.0,C,153,0.10457516339869281,21,Blutung / Wunden
Neukölln,21.0,D,1728,0.19444444444444445,21,Blutung / Wunden
Neukölln,23.0,B,1510,0.15496688741721854,23,Überdosis / Vergiftung (Einnahme)
Neukölln,23.0,C,4319,0.21092845566103266,23,Überdosis / Vergiftung (Einnahme)
Neukölln,23.0,D,306,0.4411764705882353,23,Überdosis / Vergiftung (Einnahme)
Neukölln,23.0,O,42,0.21428571428571427,23,Überdosis / Vergiftung (Einnahme)
Neukölln,24.0,A,48,0.0625,24,Schwangerschaft / Geburt / Fehlgeburt
Neukölln,24.0,B,412,0.18689320388349515,24,Schwangerschaft / Geburt / Fehlgeburt
Neukölln,24.0,C,494,0.18016194331983806,24,Schwangerschaft / Geburt / Fehlgeburt
Neukölln,24.0,D,721,0.18723994452149792,24,Schwangerschaft / Geburt / Fehlgeburt
Neukölln,24.0,O,72,0.041666666666666664,24,Schwangerschaft / Geburt / Fehlgeburt
Neukölln,25.0,A,3048,0.114501312335958,25,Psychiatrie / Abnormales Verhalten / Suizidversuch
Neukölln,25.0,B,3171,0.18543046357615894,25,Psychiatrie / Abnormales Verhalten / Suizidversuch
Neukölln,25.0,C,880,0.17613636363636365,25,Psychiatrie / Abnormales Verhalten / Suizidversuch
Neukölln,25.0,D,553,0.21880650994575046,25,Psychiatrie / Abnormales Verhalten / Suizidversuch
Neukölln,25.0,O,394,0.10406091370558376,25,Psychiatrie / Abnormales Verhalten / Suizidversuch
Neukölln,26.0,A,668,0.0748502994011976,26,Kranke Person (Spezielle Krankheitsbilder)
Neukölln,26.0,B,4998,0.09683873549419768,26,Kranke Person (Spezielle Krankheitsbilder)
Neukölln,26.0,C,5590,0.16923076923076924,26,Kranke Person (Spezielle Krankheitsbilder)
Neukölln,26.0,D,766,0.1919060052219321,26,Kranke Person (Spezielle Krankheitsbilder)
Neukölln,27.0,D,101,0.39603960396039606,27,"Stich-, Schuss-, Pfählungsverletzung"
Neukölln,28.0,C,4108,0.1648003894839338,28,Schlaganfall / Transitorische Ischämische Attacke (TIA)
Neukölln,29.0,A,78,0.38461538461538464,29,Verkehrsunfall
Neukölln,29.0,B,842,0.34323040380047504,29,Verkehrsunfall
Neukölln,29.0,D,900,0.42,29,Verkehrsunfall
Neukölln,30.0,A,3721,0.14189733942488578,30,Verletzungen
Neukölln,30.0,B,3678,0.1737357259380098,30,Verletzungen
Neukölln,30.0,D,587,0.20272572402044292,30,Verletzungen
Neukölln,31.0,A,3459,0.18502457357617808,31,Bewusstlosigkeit / Ohnmacht (Beinahe-)
Neukölln,31.0,C,3957,0.1819560272934041,31,Bewusstlosigkeit / Ohnmacht (Beinahe-)
Neukölln,31.0,D,6693,0.3049454654116241,31,Bewusstlosigkeit / Ohnmacht (Beinahe-)
Neukölln,31.0,E,33,0.3939393939393939,31,Bewusstlosigkeit / Ohnmacht (Beinahe-)
Neukölln,32.0,B,2418,0.21339950372208435,32,Unklares Geschehen (Person in Notlage)
Neukölln,32.0,D,515,0.32815533980582523,32,Unklares Geschehen (Person in Notlage)
Neukölln,33.0,A,333,0.2042042042042042,33,Anforderung von Rettungsmittel durch Versorgungseinrichtung / Palliative Medizin / Einweisung
Neukölln,33.0,C,285,0.28421052631578947,33,Anforderung von Rettungsmittel durch Versorgungseinrichtung / Palliative Medizin / Einweisung
Neukölln,34.0,B,43,0.16279069767441862,34,AUM (Automatische Unfallmeldung)
Pankow,1.0,A,1342,0.06482861400894188,01,"Bauchschmerzen, -beschwerden"
Pankow,1.0,C,5294,0.12410275783906309,01,"Bauchschmerzen, -beschwerden"
Pankow,1.0,D,1018,0.14243614931237722,01,"Bauchschmerzen, -beschwerden"
Pankow,2.0,A,88,0.125,02,"Allergie (Überreaktion) / Kontakt mit giftigen Tieren (Stiche, Bisse)"
Pankow,2.0,B,275,0.14181818181818182,02,"Allergie (Überreaktion) / Kontakt mit giftigen Tieren (Stiche, Bisse)"
Pankow,2.0,C,794,0.20780856423173805,02,"Allergie (Überreaktion) / Kontakt mit giftigen Tieren (Stiche, Bisse)"
Pankow,2.0,D,227,0.23348017621145375,02,"Allergie (Überreaktion) / Kontakt mit giftigen Tieren (Stiche, Bisse)"
Pankow,3.0,A,32,0.15625,03,Tierbiss / Tierangriff
Pankow,3.0,B,67,0.13432835820895522,03,Tierbiss / Tierangriff
Pankow,4.0,A,168,0.13095238095238096,04,Körperverletzung / Sexualdelikt / Elektroschocker
Pankow,4.0,B,2177,0.1690399632521819,04,Körperverletzung / Sexualdelikt / Elektroschocker
Pankow,4.0,D,327,0.2415902140672783,04,Körperverletzung / Sexualdelikt / Elektroschocker
Pankow,5.0,A,37,0.05405405405405406,05,Rückenschmerzen (Nicht traumatische Rückenschmerzen oder ältere Verletzung)
Pankow,5.0,C,1968,0.10315040650406504,05,Rückenschmerzen (Nicht traumatische Rückenschmerzen oder ältere Verletzung)
Pankow,5.0,D,447,0.13870246085011187,05,Rückenschmerzen (Nicht traumatische Rückenschmerzen oder ältere Verletzung)
Pankow,6.0,C,6759,0.14602751886373724,06,Atembeschwerden
Pankow,6.0,D,6279,0.20831342570473005,06,Atembeschwerden
Pankow,6.0,E,79,0.26582278481012656,06,Atembeschwerden
Pankow,7.0,A,192,0.16145833333333334,07,Verbrennungen (Verbrühungen) / Explosion (Detonation)
Pankow,7.0,B,54,0.14814814814814814,07,Verbrennungen (Verbrühungen) / Explosion (Detonation)
Pankow,7.0,C,54,0.3148148148148148,07,Verbrennungen (Verbrühungen) / Explosion (Detonation)
Pankow,9.0,D,191,0.3717277486910995,09,"Kreislauf-, Atemstillstand / Tote Person"
Pankow,9.0,E,1148,0.42334494773519166,09,"Kreislauf-, Atemstillstand / Tote Person"
Pankow,10.0,A,679,0.16494845360824742,10,Brustschmerzen / Andere Beschwerden in der Brust (Nicht Traumatisch)
Pankow,10.0,C,4407,0.16224188790560473,10,Brustschmerzen / Andere Beschwerden in der Brust (Nicht Traumatisch)
Pankow,10.0,D,3342,0.20885697187312985,10,Brustschmerzen / Andere Beschwerden in der Brust (Nicht Traumatisch)
Pankow,11.0,A,31,0.1935483870967742,11,Atemwegsverlegung (Durch Fremdkörper)
Pankow,11.0,D,229,0.2925764192139738,11,Atemwegsverlegung (Durch Fremdkörper)
Pankow,12.0,A,1204,0.19102990033222592,12,Krampfanfall
Pankow,12.0,B,174,0.27586206896551724,12,Krampfanfall
Pankow,12.0,C,753,0.17131474103585656,12,Krampfanfall
Pankow,12.0,D,1047,0.2979942693409742,12,Krampfanfall
Pankow,13.0,C,943,0.16967126193001061,13,Blutzuckerentgleisungen
Pankow,13.0,D,106,0.27358490566037735,13,Blutzuckerentgleisungen
Pankow,15.0,C,112,0.16071428571428573,15,Stromunfall / Blitzschlag
Pankow,16.0,A,244,0.10245901639344263,16,Augenprobleme / Verletzungen
Pankow,16.0,B,118,0.1016949152542373,16,Augenprobleme / Verletzungen
Pankow,17.0,A,6289,0.12577516298298616,17,Sturz / Absturz
Pankow,17.0,B,12563,0.14096951365119798,17,Sturz / Absturz
Pankow,17.0,C,408,0.13480392156862744,17,Sturz / Absturz
Pankow,17.0,D,2603,0.17633499807913947,17,Sturz / Absturz
Pankow,18.0,B,245,0.044897959183673466,18,Kopfschmerzen
Pankow,18.0,C,944,0.1472457627118644,18,Kopfschmerzen
Pankow,19.0,A,179,0.20670391061452514,19,Herzbeschwerden / Implantierter Defibrillator
Pankow,19.0,C,6305,0.14988104678826328,19,Herzbeschwerden / Implantierter Defibrillator
Pankow,19.0,D,1782,0.2037037037037037,19,Herzbeschwerden / Implantierter Defibrillator
Pankow,20.0,B,142,0.1619718309859155,20,"Hitze-, Kälteprobleme"
Pankow,20.0,D,34,0.17647058823529413,20,"Hitze-, Kälteprobleme"
Pankow,21.0,A,192,0.08333333333333333,21,Blutung / Wunden
Pankow,21.0,B,4273,0.12567282939386848,21,Blutung / Wunden
Pankow,21.0,C,141,0.1347517730496454,21,Blutung / Wunden
Pankow,21.0,D,1632,0.16115196078431374,21,Blutung / Wunden
Pankow,23.0,B,1999,0.12856428214107055,23,Überdosis / Vergiftung (Einnahme)
Pankow,23.0,C,4575,0.1851366120218579,23,Überdosis / Vergiftung (Einnahme)
Pankow,23.0,D,290,0.2793103448275862,23,Überdosis / Vergiftung (Einnahme)
Pankow,23.0,O,54,0.2037037037037037,23,Überdosis / Vergiftung (Einnahme)
Pankow,24.0,A,42,0.07142857142857142,24,Schwangerschaft / Geburt / Fehlgeburt
Pankow,24.0,B,437,0.17848970251716248,24,Schwangerschaft / Geburt / Fehlgeburt
Pankow,24.0,C,387,0.12919896640826872,24,Schwangerschaft / Geburt / Fehlgeburt
Pankow,24.0,D,756,0.19973544973544974,24,Schwangerschaft / Geburt / Fehlgeburt
Pankow,24.0,O,93,0.07526881720430108,24,Schwangerschaft / Geburt / Fehlgeburt
Pankow,25.0,A,3358,0.08129839189994044,25,Psychiatrie / Abnormales Verhalten / Suizidversuch
Pankow,25.0,B,3201,0.14495470165573257,25,Psychiatrie / Abnormales Verhalten / Suizidversuch
Pankow,25.0,C,1013,0.1688055281342547,25,Psychiatrie / Abnormales Verhalten / Suizidversuch
Pankow,25.0,D,555,0.18018018018018017,25,Psychiatrie / Abnormales Verhalten / Suizidversuch
Pankow,25.0,O,481,0.10602910602910603,25,Psychiatrie / Abnormales Verhalten / Suizidversuch
Pankow,26.0,A,664,0.05120481927710843,26,Kranke Person (Spezielle Krankheitsbilder)
Pankow,26.0,B,4454,0.0673551863493489,26,Kranke Person (Spezielle Krankheitsbilder)
Pankow,26.0,C,5667,0.16075524969119465,26,Kranke Person (Spezielle Krankheitsbilder)
Pankow,26.0,D,700,0.18142857142857144,26,Kranke Person (Spezielle Krankheitsbilder)
Pankow,27.0,D,62,0.3064516129032258,27,"Stich-, Schuss-, Pfählungsverletzung"
Pankow,28.0,C,3938,0.1457592686642966,28,Schlaganfall / Transitorische Ischämische Attacke (TIA)
Pankow,29.0,A,73,0.3698630136986301,29,Verkehrsunfall
Pankow,29.0,B,736,0.3342391304347826,29,Verkehrsunfall
Pankow,29.0,D,994,0.34004024144869216,29,Verkehrsunfall
Pankow,30.0,A,3885,0.11891891891891893,30,Verletzungen
Pankow,30.0,B,4099,0.1480848987557941,30,Verletzungen
Pankow,30.0,D,668,0.20508982035928144,30,Verletzungen
Pankow,31.0,A,3746,0.17058195408435664,31,Bewusstlosigkeit / Ohnmacht (Beinahe-)
Pankow,31.0,C,3980,0.16331658291457288,31,Bewusstlosigkeit / Ohnmacht (Beinahe-)
Pankow,31.0,D,6392,0.2390488110137672,31,Bewusstlosigkeit / Ohnmacht (Beinahe-)
Pankow,31.0,E,45,0.26666666666666666,31,Bewusstlosigkeit / Ohnmacht (Beinahe-)
Pankow,32.0,B,1899,0.15955766192733017,32,Unklares Geschehen (Person in Notlage)
Pankow,32.0,D,342,0.260233918128655,32,Unklares Geschehen (Person in Notlage)
Pankow,33.0,A,338,0.16863905325443787,33,Anforderung von Rettungsmittel durch Versorgungseinrichtung / Palliative Medizin / Einweisung
Pankow,33.0,C,293,0.2150170648464164,33,Anforderung von Rettungsmittel durch Versorgungseinrichtung / Palliative Medizin / Einweisung
Reinickendorf,1.0,A,1139,0.06935908691834942,01,"Bauchschmerzen, -beschwerden"
Reinickendorf,1.0,C,4838,0.11513021909880115,01,"Bauchschmerzen, -beschwerden"
Reinickendorf,1.0,D,942,0.16666666666666666,01,"Bauchschmerzen, -beschwerden"
Reinickendorf,2.0,A,65,0.1076923076923077,02,"Allergie (Überreaktion) / Kontakt mit giftigen Tieren (Stiche, Bisse)"
Reinickendorf,2.0,B,181,0.11602209944751381,02,"Allergie (Überreaktion) / Kontakt mit giftigen Tieren (Stiche, Bisse)"
Reinickendorf,2.0,C,517,0.18375241779497098,02,"Allergie (Überreaktion) / Kontakt mit giftigen Tieren (Stiche, Bisse)"
Reinickendorf,2.0,D,169,0.23076923076923078,02,"Allergie (Überreaktion) / Kontakt mit giftigen Tieren (Stiche, Bisse)"
Reinickendorf,3.0,B,55,0.12727272727272726,03,Tierbiss / Tierangriff
Reinickendorf,4.0,A,121,0.11570247933884298,04,Körperverletzung / Sexualdelikt / Elektroschocker
Reinickendorf,4.0,B,1612,0.1445409429280397,04,Körperverletzung / Sexualdelikt / Elektroschocker
Reinickendorf,4.0,D,223,0.17937219730941703,04,Körperverletzung / Sexualdelikt / Elektroschocker
Reinickendorf,5.0,A,39,0.0,05,Rückenschmerzen (Nicht traumatische Rückenschmerzen oder ältere Verletzung)
Reinickendorf,5.0,C,1921,0.0952628839146278,05,Rückenschmerzen (Nicht traumatische Rückenschmerzen oder ältere Verletzung)
Reinickendorf,5.0,D,365,0.13150684931506848,05,Rückenschmerzen (Nicht traumatische Rückenschmerzen oder ältere Verletzung)
Reinickendorf,6.0,C,7049,0.15207830897999716,06,Atembeschwerden
Reinickendorf,6.0,D,6630,0.21613876319758674,06,Atembeschwerden
Reinickendorf,6.0,E,83,0.37349397590361444,06,Atembeschwerden
Reinickendorf,7.0,A,150,0.17333333333333334,07,Verbrennungen (Verbrühungen) / Explosion (Detonation)
Reinickendorf,7.0,B,34,0.08823529411764706,07,Verbrennungen (Verbrühungen) / Explosion (Detonation)
Reinickendorf,7.0,C,47,0.1702127659574468,07,Verbrennungen (Verbrühungen) / Explosion (Detonation)
Reinickendorf,9.0,D,192,0.3229166666666667,09,"Kreislauf-, Atemstillstand / Tote Person"
Reinickendorf,9.0,E,1184,0.40540540540540543,09,"Kreislauf-, Atemstillstand / Tote Person"
Reinickendorf,10.0,A,587,0.10562180579216354,10,Brustschmerzen / Andere Beschwerden in der Brust (Nicht Traumatisch)
Reinickendorf,10.0,C,3981,0.15146948003014318,10,Brustschmerzen / Andere Beschwerden in der Brust (Nicht Traumatisch)
Reinickendorf,10.0,D,3297,0.1986654534425235,10,Brustschmerzen / Andere Beschwerden in der Brust (Nicht Traumatisch)
Reinickendorf,11.0,D,199,0.2663316582914573,11,Atemwegsverlegung (Durch Fremdkörper)
Reinickendorf,12.0,A,897,0.20512820512820512,12,Krampfanfall
Reinickendorf,12.0,B,147,0.1836734693877551,12,Krampfanfall
Reinickendorf,12.0,C,586,0.21843003412969283,12,Krampfanfall
Reinickendorf,12.0,D,815,0.2920245398773006,12,Krampfanfall
Reinickendorf,13.0,C,953,0.15320041972717732,13,Blutzuckerentgleisungen
Reinickendorf,13.0,D,89,0.3146067415730337,13,Blutzuckerentgleisungen
Reinickendorf,15.0,C,101,0.1782178217821782,15,Stromunfall / Blitzschlag
Reinickendorf,16.0,A,190,0.08947368421052632,16,Augenprobleme / Verletzungen
Reinickendorf,16.0,B,116,0.12931034482758622,16,Augenprobleme / Verletzungen
Reinickendorf,17.0,A,5758,0.1431052448766933,17,Sturz / Absturz
Reinickendorf,17.0,B,10952,0.1612490869247626,17,Sturz / Absturz
Reinickendorf,17.0,C,368,0.20380434782608695,17,Sturz / Absturz
Reinickendorf,17.0,D,2105,0.22422802850356294,17,Sturz / Absturz
Reinickendorf,18.0,B,192,0.08333333333333333,18,Kopfschmerzen
Reinickendorf,18.0,C,874,0.14988558352402745,18,Kopfschmerzen
Reinickendorf,19.0,A,159,0.1320754716981132,19,Herzbeschwerden / Implantierter Defibrillator
Reinickendorf,19.0,C,5420,0.16162361623616237,19,Herzbeschwerden / Implantierter Defibrillator
Reinickendorf,19.0,D,1575,0.20444444444444446,19,Herzbeschwerden / Implantierter Defibrillator
Reinickendorf,20.0,B,81,0.12345679012345678,20,"Hitze-, Kälteprobleme"
Reinickendorf,21.0,A,168,0.047619047619047616,21,Blutung / Wunden
Reinickendorf,21.0,B,3976,0.1403420523138833,21,Blutung / Wunden
Reinickendorf,21.0,C,124,0.14516129032258066,21,Blutung / Wunden
Reinickendorf,21.0,D,1484,0.1597035040431267,21,Blutung / Wunden
Reinickendorf,23.0,B,1133,0.12797881729920565,23,Überdosis / Vergiftung (Einnahme)
Reinickendorf,23.0,C,2614,0.162203519510329,23,Überdosis / Vergiftung (Einnahme)
Reinickendorf,23.0,D,185,0.21081081081081082,23,Überdosis / Vergiftung (Einnahme)
Reinickendorf,23.0,O,33,0.18181818181818182,23,Überdosis / Vergiftung (Einnahme)
Reinickendorf,24.0,A,41,0.024390243902439025,24,Schwangerschaft / Geburt / Fehlgeburt
Reinickendorf,24.0,B,505,0.12475247524752475,24,Schwangerschaft / Geburt / Fehlgeburt
Reinickendorf,24.0,C,478,0.12552301255230125,24,Schwangerschaft / Geburt / Fehlgeburt
Reinickendorf,24.0,D,771,0.13748378728923477,24,Schwangerschaft / Geburt / Fehlgeburt
Reinickendorf,24.0,O,95,0.031578947368421054,24,Schwangerschaft / Geburt / Fehlgeburt
Reinickendorf,25.0,A,2507,0.09812524930195453,25,Psychiatrie / Abnormales Verhalten / Suizidversuch
Reinickendorf,25.0,B,2475,0.15272727272727274,25,Psychiatrie / Abnormales Verhalten / Suizidversuch
Reinickendorf,25.0,C,769,0.16905071521456436,25,Psychiatrie / Abnormales Verhalten / Suizidversuch
Reinickendorf,25.0,D,371,0.16711590296495957,25,Psychiatrie / Abnormales Verhalten / Suizidversuch
Reinickendorf,25.0,O,400,0.0775,25,Psychiatrie / Abnormales Verhalten / Suizidversuch
Reinickendorf,26.0,A,554,0.05595667870036101,26,Kranke Person (Spezielle Krankheitsbilder)
Reinickendorf,26.0,B,4008,0.07160678642714571,26,Kranke Person (Spezielle Krankheitsbilder)
Reinickendorf,26.0,C,5000,0.1598,26,Kranke Person (Spezielle Krankheitsbilder)
Reinickendorf,26.0,D,652,0.19171779141104295,26,Kranke Person (Spezielle Krankheitsbilder)
Reinickendorf,27.0,D,41,0.3170731707317073,27,"Stich-, Schuss-, Pfählungsverletzung"
Reinickendorf,28.0,C,4374,0.16049382716049382,28,Schlaganfall / Transitorische Ischämische Attacke (TIA)
Reinickendorf,29.0,A,72,0.2916666666666667,29,Verkehrsunfall
Reinickendorf,29.0,B,724,0.35220994475138123,29,Verkehrsunfall
Reinickendorf,29.0,D,647,0.3755795981452859,29,Verkehrsunfall
Reinickendorf,30.0,A,2980,0.12281879194630872,30,Verletzungen
Reinickendorf,30.0,B,2877,0.14668057003823426,30,Verletzungen
Reinickendorf,30.0,D,432,0.22685185185185186,30,Verletzungen
Reinickendorf,31.0,A,2981,0.15833612881583362,31,Bewusstlosigkeit / Ohnmacht (Beinahe-)
Reinickendorf,31.0,C,3450,0.17855072463768115,31,Bewusstlosigkeit / Ohnmacht (Beinahe-)
Reinickendorf,31.0,D,5443,0.2553738747014514,31,Bewusstlosigkeit / Ohnmacht (Beinahe-)
Reinickendorf,31.0,E,40,0.5,31,Bewusstlosigkeit / Ohnmacht (Beinahe-)
Reinickendorf,32.0,B,1657,0.16777308388654194,32,Unklares Geschehen (Person in Notlage)
Reinickendorf,32.0,D,319,0.219435736677116,32,Unklares Geschehen (Person in Notlage)
Reinickendorf,33.0,A,424,0.19339622641509435,33,Anforderung von Rettungsmittel durch Versorgungseinrichtung / Palliative Medizin / Einweisung
Reinickendorf,33.0,C,301,0.24584717607973422,33,Anforderung von Rettungsmittel durch Versorgungseinrichtung / Palliative Medizin / Einweisung
Reinickendorf,34.0,B,44,0.20454545454545456,34,AUM (Automatische Unfallmeldung)
Spandau,1.0,A,1127,0.07364685004436557,01,"Bauchschmerzen, -beschwerden"
Spandau,1.0,C,4100,0.16121951219512196,01,"Bauchschmerzen, -beschwerden"
Spandau,1.0,D,807,0.18711276332094176,01,"Bauchschmerzen, -beschwerden"
Spandau,2.0,A,63,0.14285714285714285,02,"Allergie (Überreaktion) / Kontakt mit giftigen Tieren (Stiche, Bisse)"
Spandau,2.0,B,166,0.16265060240963855,02,"Allergie (Überreaktion) / Kontakt mit giftigen Tieren (Stiche, Bisse)"
Spandau,2.0,C,486,0.20987654320987653,02,"Allergie (Überreaktion) / Kontakt mit giftigen Tieren (Stiche, Bisse)"
Spandau,2.0,D,154,0.2662337662337662,02,"Allergie (Überreaktion) / Kontakt mit giftigen Tieren (Stiche, Bisse)"
Spandau,3.0,A,34,0.23529411764705882,03,Tierbiss / Tierangriff
Spandau,3.0,B,52,0.19230769230769232,03,Tierbiss / Tierangriff
Spandau,4.0,A,135,0.13333333333333333,04,Körperverletzung / Sexualdelikt / Elektroschocker
Spandau,4.0,B,1671,0.1980849790544584,04,Körperverletzung / Sexualdelikt / Elektroschocker
Spandau,4.0,D,204,0.23039215686274508,04,Körperverletzung / Sexualdelikt / Elektroschocker
Spandau,5.0,C,1722,0.13530778164924506,05,Rückenschmerzen (Nicht traumatische Rückenschmerzen oder ältere Verletzung)
Spandau,5.0,D,359,0.15041782729805014,05,Rückenschmerzen (Nicht traumatische Rückenschmerzen oder ältere Verletzung)
Spandau,6.0,C,5975,0.17841004184100417,06,Atembeschwerden
Spandau,6.0,D,5907,0.24327069578466226,06,Atembeschwerden
Spandau,6.0,E,98,0.23469387755102042,06,Atembeschwerden
Spandau,7.0,A,104,0.22115384615384615,07,Verbrennungen (Verbrühungen) / Explosion (Detonation)
Spandau,7.0,C,38,0.23684210526315788,07,Verbrennungen (Verbrühungen) / Explosion (Detonation)
Spandau,9.0,D,155,0.33548387096774196,09,"Kreislauf-, Atemstillstand / Tote Person"
Spandau,9.0,E,926,0.4222462203023758,09,"Kreislauf-, Atemstillstand / Tote Person"
Spandau,10.0,A,585,0.14871794871794872,10,Brustschmerzen / Andere Beschwerden in der Brust (Nicht Traumatisch)
Spandau,10.0,C,3452,0.1775782155272306,10,Brustschmerzen / Andere Beschwerden in der Brust (Nicht Traumatisch)
Spandau,10.0,D,2799,0.2379421221864952,10,Brustschmerzen / Andere Beschwerden in der Brust (Nicht Traumatisch)
Spandau,11.0,D,199,0.2914572864321608,11,Atemwegsverlegung (Durch Fremdkörper)
Spandau,12.0,A,875,0.21371428571428572,12,Krampfanfall
Spandau,12.0,B,132,0.2878787878787879,12,Krampfanfall
Spandau,12.0,C,508,0.2106299212598425,12,Krampfanfall
Spandau,12.0,D,945,0.31851851851851853,12,Krampfanfall
Spandau,13.0,C,773,0.19016817593790428,13,Blutzuckerentgleisungen
Spandau,13.0,D,78,0.2692307692307692,13,Blutzuckerentgleisungen
Spandau,15.0,C,73,0.2054794520547945,15,Stromunfall / Blitzschlag
Spandau,16.0,A,197,0.1218274111675127,16,Augenprobleme / Verletzungen
Spandau,16.0,B,110,0.1,16,Augenprobleme / Verletzungen
Spandau,17.0,A,5217,0.1590952654782442,17,Sturz / Absturz
Spandau,17.0,B,9847,0.1871636031278562,17,Sturz / Absturz
Spandau,17.0,C,300,0.19,17,Sturz / Absturz
Spandau,17.0,D,1880,0.24414893617021277,17,Sturz / Absturz
Spandau,18.0,B,174,0.08620689655172414,18,Kopfschmerzen
Spandau,18.0,C,784,0.15178571428571427,18,Kopfschmerzen
Spandau,19.0,A,127,0.14960629921259844,19,Herzbeschwerden / Implantierter Defibrillator
Spandau,19.0,C,4578,0.1743119266055046,19,Herzbeschwerden / Implantierter Defibrillator
Spandau,19.0,D,1389,0.24046076313894887,19,Herzbeschwerden / Implantierter Defibrillator
Spandau,20.0,B,97,0.2268041237113402,20,"Hitze-, Kälteprobleme"
Spandau,21.0,A,155,0.0967741935483871,21,Blutung / Wunden
Spandau,21.0,B,3568,0.14826233183856502,21,Blutung / Wunden
Spandau,21.0,C,94,0.13829787234042554,21,Blutung / Wunden
Spandau,21.0,D,1349,0.17568569310600446,21,Blutung / Wunden
Spandau,23.0,B,1131,0.16357206012378425,23,Überdosis / Vergiftung (Einnahme)
Spandau,23.0,C,2515,0.22624254473161035,23,Überdosis / Vergiftung (Einnahme)
Spandau,23.0,D,169,0.26627218934911245,23,Überdosis / Vergiftung (Einnahme)
Spandau,23.0,O,34,0.2647058823529412,23,Überdosis / Vergiftung (Einnahme)
Spandau,24.0,A,30,0.06666666666666667,24,Schwangerschaft / Geburt / Fehlgeburt
Spandau,24.0,B,354,0.1977401129943503,24,Schwangerschaft / Geburt / Fehlgeburt
Spandau,24.0,C,423,0.1938534278959811,24,Schwangerschaft / Geburt / Fehlgeburt
Spandau,24.0,D,570,0.20701754385964913,24,Schwangerschaft / Geburt / Fehlgeburt
Spandau,24.0,O,66,0.06060606060606061,24,Schwangerschaft / Geburt / Fehlgeburt
Spandau,25.0,A,2295,0.12636165577342048,25,Psychiatrie / Abnormales Verhalten / Suizidversuch
Spandau,25.0,B,2240,0.18080357142857142,25,Psychiatrie / Abnormales Verhalten / Suizidversuch
Spandau,25.0,C,674,0.21364985163204747,25,Psychiatrie / Abnormales Verhalten / Suizidversuch
Spandau,25.0,D,349,0.18911174785100288,25,Psychiatrie / Abnormales Verhalten / Suizidversuch
Spandau,25.0,O,326,0.08588957055214724,25,Psychiatrie / Abnormales Verhalten / Suizidversuch
Spandau,26.0,A,516,0.08914728682170543,26,Kranke Person (Spezielle Krankheitsbilder)
Spandau,26.0,B,3666,0.09683578832515002,26,Kranke Person (Spezielle Krankheitsbilder)
Spandau,26.0,C,4353,0.18033540087296118,26,Kranke Person (Spezielle Krankheitsbilder)
Spandau,26.0,D,626,0.17252396166134185,26,Kranke Person (Spezielle Krankheitsbilder)
Spandau,27.0,D,50,0.32,27,"Stich-, Schuss-, Pfählungsverletzung"
Spandau,28.0,C,3878,0.18798349664775657,28,Schlaganfall / Transitorische Ischämische Attacke (TIA)
Spandau,29.0,A,55,0.3090909090909091,29,Verkehrsunfall
Spandau,29.0,B,728,0.30494505494505497,29,Verkehrsunfall
Spandau,29.0,D,664,0.3960843373493976,29,Verkehrsunfall
Spandau,30.0,A,2711,0.16746587974917004,30,Verletzungen
Spandau,30.0,B,2820,0.19858156028368795,30,Verletzungen
Spandau,30.0,D,391,0.21483375959079284,30,Verletzungen
Spandau,31.0,A,2580,0.18992248062015504,31,Bewusstlosigkeit / Ohnmacht (Beinahe-)
Spandau,31.0,C,3236,0.2092088998763906,31,Bewusstlosigkeit / Ohnmacht (Beinahe-)
Spandau,31.0,D,4962,0.26924627166465137,31,Bewusstlosigkeit / Ohnmacht (Beinahe-)
Spandau,31.0,E,31,0.3225806451612903,31,Bewusstlosigkeit / Ohnmacht (Beinahe-)
Spandau,32.0,B,1546,0.21992238033635186,32,Unklares Geschehen (Person in Notlage)
Spandau,32.0,D,305,0.2754098360655738,32,Unklares Geschehen (Person in Notlage)
Spandau,33.0,A,285,0.24210526315789474,33,Anforderung von Rettungsmittel durch Versorgungseinrichtung / Palliative Medizin / Einweisung
Spandau,33.0,C,227,0.2555066079295154,33,Anforderung von Rettungsmittel durch Versorgungseinrichtung / Palliative Medizin / Einweisung
Spandau,34.0,B,37,0.2972972972972973,34,AUM (Automatische Unfallmeldung)
Steglitz-Zehlendorf,1.0,A,967,0.06308169596690796,01,"Bauchschmerzen, -beschwerden"
Steglitz-Zehlendorf,1.0,C,3648,0.11650219298245613,01,"Bauchschmerzen, -beschwerden"
Steglitz-Zehlendorf,1.0,D,804,0.1417910447761194,01,"Bauchschmerzen, -beschwerden"
Steglitz-Zehlendorf,2.0,A,75,0.06666666666666667,02,"Allergie (Überreaktion) / Kontakt mit giftigen Tieren (Stiche, Bisse)"
Steglitz-Zehlendorf,2.0,B,144,0.09027777777777778,02,"Allergie (Überreaktion) / Kontakt mit giftigen Tieren (Stiche, Bisse)"
Steglitz-Zehlendorf,2.0,C,508,0.1673228346456693,02,"Allergie (Überreaktion) / Kontakt mit giftigen Tieren (Stiche, Bisse)"
Steglitz-Zehlendorf,2.0,D,156,0.20512820512820512,02,"Allergie (Überreaktion) / Kontakt mit giftigen Tieren (Stiche, Bisse)"
Steglitz-Zehlendorf,3.0,B,50,0.14,03,Tierbiss / Tierangriff
Steglitz-Zehlendorf,4.0,A,91,0.17582417582417584,04,Körperverletzung / Sexualdelikt / Elektroschocker
Steglitz-Zehlendorf,4.0,B,905,0.18453038674033148,04,Körperverletzung / Sexualdelikt / Elektroschocker
Steglitz-Zehlendorf,4.0,D,117,0.21367521367521367,04,Körperverletzung / Sexualdelikt / Elektroschocker
Steglitz-Zehlendorf,5.0,A,31,0.06451612903225806,05,Rückenschmerzen (Nicht traumatische Rückenschmerzen oder ältere Verletzung)
Steglitz-Zehlendorf,5.0,C,1450,0.10275862068965518,05,Rückenschmerzen (Nicht traumatische Rückenschmerzen oder ältere Verletzung)
Steglitz-Zehlendorf,5.0,D,340,0.1588235294117647,05,Rückenschmerzen (Nicht traumatische Rückenschmerzen oder ältere Verletzung)
Steglitz-Zehlendorf,6.0,C,5591,0.14755857628331245,06,Atembeschwerden
Steglitz-Zehlendorf,6.0,D,5156,0.1995733126454616,06,Atembeschwerden
Steglitz-Zehlendorf,6.0,E,84,0.17857142857142858,06,Atembeschwerden
Steglitz-Zehlendorf,7.0,A,98,0.10204081632653061,07,Verbrennungen (Verbrühungen) / Explosion (Detonation)
Steglitz-Zehlendorf,7.0,C,36,0.25,07,Verbrennungen (Verbrühungen) / Explosion (Detonation)
Steglitz-Zehlendorf,9.0,D,158,0.34177215189873417,09,"Kreislauf-, Atemstillstand / Tote Person"
Steglitz-Zehlendorf,9.0,E,1013,0.3711747285291214,09,"Kreislauf-, Atemstillstand / Tote Person"
Steglitz-Zehlendorf,10.0,A,385,0.16103896103896104,10,Brustschmerzen / Andere Beschwerden in der Brust (Nicht Traumatisch)
Steglitz-Zehlendorf,10.0,C,3450,0.15942028985507245,10,Brustschmerzen / Andere Beschwerden in der Brust (Nicht Traumatisch)
Steglitz-Zehlendorf,10.0,D,2563,0.18806086617245416,10,Brustschmerzen / Andere Beschwerden in der Brust (Nicht Traumatisch)
Steglitz-Zehlendorf,11.0,D,220,0.2818181818181818,11,Atemwegsverlegung (Durch Fremdkörper)
Steglitz-Zehlendorf,12.0,A,900,0.18444444444444444,12,Krampfanfall
Steglitz-Zehlendorf,12.0,B,123,0.25203252032520324,12,Krampfanfall
Steglitz-Zehlendorf,12.0,C,516,0.20348837209302326,12,Krampfanfall
Steglitz-Zehlendorf,12.0,D,843,0.269276393831554,12,Krampfanfall
Steglitz-Zehlendorf,13.0,C,747,0.1499330655957162,13,Blutzuckerentgleisungen
Steglitz-Zehlendorf,13.0,D,99,0.31313131313131315,13,Blutzuckerentgleisungen
Steglitz-Zehlendorf,15.0,C,94,0.1595744680851064,15,Stromunfall / Blitzschlag
Steglitz-Zehlendorf,16.0,A,176,0.09090909090909091,16,Augenprobleme / Verletzungen
Steglitz-Zehlendorf,16.0,B,88,0.14772727272727273,16,Augenprobleme / Verletzungen
Steglitz-Zehlendorf,17.0,A,6622,0.1375717305949864,17,Sturz / Absturz
Steglitz-Zehlendorf,17.0,B,13375,0.15514018691588785,17,Sturz / Absturz
Steglitz-Zehlendorf,17.0,C,401,0.13466334164588528,17,Sturz / Absturz
Steglitz-Zehlendorf,17.0,D,2324,0.1703958691910499,17,Sturz / Absturz
Steglitz-Zehlendorf,18.0,B,175,0.10857142857142857,18,Kopfschmerzen
Steglitz-Zehlendorf,18.0,C,717,0.13668061366806136,18,Kopfschmerzen
Steglitz-Zehlendorf,19.0,A,88,0.18181818181818182,19,Herzbeschwerden / Implantierter Defibrillator
Steglitz-Zehlendorf,19.0,C,4981,0.1598072676169444,19,Herzbeschwerden / Implantierter Defibrillator
Steglitz-Zehlendorf,19.0,D,1286,0.2006220839813375,19,Herzbeschwerden / Implantierter Defibrillator
Steglitz-Zehlendorf,20.0,B,97,0.16494845360824742,20,"Hitze-, Kälteprobleme"
Steglitz-Zehlendorf,21.0,A,137,0.043795620437956206,21,Blutung / Wunden
Steglitz-Zehlendorf,21.0,B,3737,0.12737489965212737,21,Blutung / Wunden
Steglitz-Zehlendorf,21.0,C,119,0.14285714285714285,21,Blutung / Wunden
Steglitz-Zehlendorf,21.0,D,1362,0.1644640234948605,21,Blutung / Wunden
Steglitz-Zehlendorf,23.0,B,1021,0.15964740450538686,23,Überdosis / Vergiftung (Einnahme)
Steglitz-Zehlendorf,23.0,C,2245,0.17951002227171492,23,Überdosis / Vergiftung (Einnahme)
Steglitz-Zehlendorf,23.0,D,121,0.19008264462809918,23,Überdosis / Vergiftung (Einnahme)
Steglitz-Zehlendorf,24.0,B,197,0.16243654822335024,24,Schwangerschaft / Geburt / Fehlgeburt
Steglitz-Zehlendorf,24.0,C,237,0.14345991561181434,24,Schwangerschaft / Geburt / Fehlgeburt
Steglitz-Zehlendorf,24.0,D,355,0.19154929577464788,24,Schwangerschaft / Geburt / Fehlgeburt
Steglitz-Zehlendorf,24.0,O,51,0.0784313725490196,24,Schwangerschaft / Geburt / Fehlgeburt
Steglitz-Zehlendorf,25.0,A,2217,0.11502029769959404,25,Psychiatrie / Abnormales Verhalten / Suizidversuch
Steglitz-Zehlendorf,25.0,B,2067,0.1664247701983551,25,Psychiatrie / Abnormales Verhalten / Suizidversuch
Steglitz-Zehlendorf,25.0,C,610,0.1557377049180328,25,Psychiatrie / Abnormales Verhalten / Suizidversuch
Steglitz-Zehlendorf,25.0,D,335,0.19402985074626866,25,Psychiatrie / Abnormales Verhalten / Suizidversuch
Steglitz-Zehlendorf,25.0,O,291,0.09965635738831616,25,Psychiatrie / Abnormales Verhalten / Suizidversuch
Steglitz-Zehlendorf,26.0,A,505,0.06732673267326733,26,Kranke Person (Spezielle Krankheitsbilder)
Steglitz-Zehlendorf,26.0,B,3973,0.08029197080291971,26,Kranke Person (Spezielle Krankheitsbilder)
Steglitz-Zehlendorf,26.0,C,4732,0.16229923922231615,26,Kranke Person (Spezielle Krankheitsbilder)
Steglitz-Zehlendorf,26.0,D,642,0.1526479750778816,26,Kranke Person (Spezielle Krankheitsbilder)
Steglitz-Zehlendorf,28.0,C,4798,0.15089620675281368,28,Schlaganfall / Transitorische Ischämische Attacke (TIA)
Steglitz-Zehlendorf,29.0,A,64,0.3125,29,Verkehrsunfall
Steglitz-Zehlendorf,29.0,B,659,0.3156297420333839,29,Verkehrsunfall
Steglitz-Zehlendorf,29.0,D,617,0.3581847649918963,29,Verkehrsunfall
Steglitz-Zehlendorf,30.0,A,2613,0.14542671259089168,30,Verletzungen
Steglitz-Zehlendorf,30.0,B,2666,0.159039759939985,30,Verletzungen
Steglitz-Zehlendorf,30.0,D,389,0.17480719794344474,30,Verletzungen
Steglitz-Zehlendorf,31.0,A,3074,0.17176317501626545,31,Bewusstlosigkeit / Ohnmacht (Beinahe-)
Steglitz-Zehlendorf,31.0,C,3492,0.16752577319587628,31,Bewusstlosigkeit / Ohnmacht (Beinahe-)
Steglitz-Zehlendorf,31.0,D,5478,0.23311427528294998,31,Bewusstlosigkeit / Ohnmacht (Beinahe-)
Steglitz-Zehlendorf,31.0,E,34,0.35294117647058826,31,Bewusstlosigkeit / Ohnmacht (Beinahe-)
Steglitz-Zehlendorf,32.0,B,1427,0.1913104414856342,32,Unklares Geschehen (Person in Notlage)
Steglitz-Zehlendorf,32.0,D,279,0.24014336917562723,32,Unklares Geschehen (Person in Notlage)
Steglitz-Zehlendorf,33.0,A,351,0.1737891737891738,33,Anforderung von Rettungsmittel durch Versorgungseinrichtung / Palliative Medizin / Einweisung
Steglitz-Zehlendorf,33.0,C,249,0.18875502008032127,33,Anforderung von Rettungsmittel durch Versorgungseinrichtung / Palliative Medizin / Einweisung
Steglitz-Zehlendorf,34.0,B,43,0.2558139534883721,34,AUM (Automatische Unfallmeldung)
Tempelhof-Schöneberg,1.0,A,1319,0.0576194086429113,01,"Bauchschmerzen, -beschwerden"
Tempelhof-Schöneberg,1.0,C,5324,0.1684823441021788,01,"Bauchschmerzen, -beschwerden"
Tempelhof-Schöneberg,1.0,D,979,0.19918283963227784,01,"Bauchschmerzen, -beschwerden"
Tempelhof-Schöneberg,2.0,A,87,0.16091954022988506,02,"Allergie (Überreaktion) / Kontakt mit giftigen Tieren (Stiche, Bisse)"
Tempelhof-Schöneberg,2.0,B,263,0.18250950570342206,02,"Allergie (Überreaktion) / Kontakt mit giftigen Tieren (Stiche, Bisse)"
Tempelhof-Schöneberg,2.0,C,662,0.26586102719033233,02,"Allergie (Überreaktion) / Kontakt mit giftigen Tieren (Stiche, Bisse)"
Tempelhof-Schöneberg,2.0,D,201,0.373134328358209,02,"Allergie (Überreaktion) / Kontakt mit giftigen Tieren (Stiche, Bisse)"
Tempelhof-Schöneberg,3.0,A,45,0.1111111111111111,03,Tierbiss / Tierangriff
Tempelhof-Schöneberg,3.0,B,62,0.14516129032258066,03,Tierbiss / Tierangriff
Tempelhof-Schöneberg,4.0,A,181,0.16022099447513813,04,Körperverletzung / Sexualdelikt / Elektroschocker
Tempelhof-Schöneberg,4.0,B,2083,0.18626980316850697,04,Körperverletzung / Sexualdelikt / Elektroschocker
Tempelhof-Schöneberg,4.0,D,291,0.27835051546391754,04,Körperverletzung / Sexualdelikt / Elektroschocker
Tempelhof-Schöneberg,5.0,A,33,0.06060606060606061,05,Rückenschmerzen (Nicht traumatische Rückenschmerzen oder ältere Verletzung)
Tempelhof-Schöneberg,5.0,C,2178,0.13590449954086317,05,Rückenschmerzen (Nicht traumatische Rückenschmerzen oder ältere Verletzung)
Tempelhof-Schöneberg,5.0,D,413,0.19612590799031476,05,Rückenschmerzen (Nicht traumatische Rückenschmerzen oder ältere Verletzung)
Tempelhof-Schöneberg,6.0,C,7396,0.22579772850189292,06,Atembeschwerden
Tempelhof-Schöneberg,6.0,D,6790,0.30633284241531666,06,Atembeschwerden
Tempelhof-Schöneberg,6.0,E,84,0.39285714285714285,06,Atembeschwerden
Tempelhof-Schöneberg,7.0,A,157,0.17197452229299362,07,Verbrennungen (Verbrühungen) / Explosion (Detonation)
Tempelhof-Schöneberg,7.0,B,39,0.15384615384615385,07,Verbrennungen (Verbrühungen) / Explosion (Detonation)
Tempelhof-Schöneberg,7.0,C,36,0.25,07,Verbrennungen (Verbrühungen) / Explosion (Detonation)
Tempelhof-Schöneberg,9.0,D,188,0.46808510638297873,09,"Kreislauf-, Atemstillstand / Tote Person"
Tempelhof-Schöneberg,9.0,E,1227,0.5224123879380603,09,"Kreislauf-, Atemstillstand / Tote Person"
Tempelhof-Schöneberg,10.0,A,668,0.19610778443113772,10,Brustschmerzen / Andere Beschwerden in der Brust (Nicht Traumatisch)
Tempelhof-Schöneberg,10.0,C,4584,0.23102094240837695,10,Brustschmerzen / Andere Beschwerden in der Brust (Nicht Traumatisch)
Tempelhof-Schöneberg,10.0,D,3541,0.2809940694719006,10,Brustschmerzen / Andere Beschwerden in der Brust (Nicht Traumatisch)
Tempelhof-Schöneberg,11.0,A,30,0.0,11,Atemwegsverlegung (Durch Fremdkörper)
Tempelhof-Schöneberg,11.0,D,238,0.3319327731092437,11,Atemwegsverlegung (Durch Fremdkörper)
Tempelhof-Schöneberg,12.0,A,1102,0.2731397459165154,12,Krampfanfall
Tempelhof-Schöneberg,12.0,B,166,0.3072289156626506,12,Krampfanfall
Tempelhof-Schöneberg,12.0,C,585,0.26324786324786326,12,Krampfanfall
Tempelhof-Schöneberg,12.0,D,1080,0.40555555555555556,12,Krampfanfall
Tempelhof-Schöneberg,13.0,C,999,0.1871871871871872,13,Blutzuckerentgleisungen
Tempelhof-Schöneberg,13.0,D,100,0.42,13,Blutzuckerentgleisungen
Tempelhof-Schöneberg,15.0,C,139,0.22302158273381295,15,Stromunfall / Blitzschlag
Tempelhof-Schöneberg,16.0,A,237,0.13924050632911392,16,Augenprobleme / Verletzungen
Tempelhof-Schöneberg,16.0,B,119,0.17647058823529413,16,Augenprobleme / Verletzungen
Tempelhof-Schöneberg,17.0,A,6793,0.17635801560429853,17,Sturz / Absturz
Tempelhof-Schöneberg,17.0,B,12902,0.18849790730119362,17,Sturz / Absturz
Tempelhof-Schöneberg,17.0,C,401,0.22443890274314215,17,Sturz / Absturz
Tempelhof-Schöneberg,17.0,D,2423,0.271151465125877,17,Sturz / Absturz
Tempelhof-Schöneberg,18.0,B,237,0.06329113924050633,18,Kopfschmerzen
Tempelhof-Schöneberg,18.0,C,941,0.17747077577045697,18,Kopfschmerzen
Tempelhof-Schöneberg,19.0,A,177,0.21468926553672316,19,Herzbeschwerden / Implantierter Defibrillator
Tempelhof-Schöneberg,19.0,C,6354,0.20679886685552407,19,Herzbeschwerden / Implantierter Defibrillator
Tempelhof-Schöneberg,19.0,D,1835,0.3188010899182561,19,Herzbeschwerden / Implantierter Defibrillator
Tempelhof-Schöneberg,20.0,B,110,0.20909090909090908,20,"Hitze-, Kälteprobleme"
Tempelhof-Schöneberg,21.0,A,210,0.047619047619047616,21,Blutung / Wunden
Tempelhof-Schöneberg,21.0,B,4601,0.16626820256465985,21,Blutung / Wunden
Tempelhof-Schöneberg,21.0,C,139,0.17985611510791366,21,Blutung / Wunden
Tempelhof-Schöneberg,21.0,D,1678,0.23837902264600716,21,Blutung / Wunden
Tempelhof-Schöneberg,23.0,B,1527,0.16699410609037327,23,Überdosis / Vergiftung (Einnahme)
Tempelhof-Schöneberg,23.0,C,4013,0.22202840767505608,23,Überdosis / Vergiftung (Einnahme)
Tempelhof-Schöneberg,23.0,D,281,0.36298932384341637,23,Überdosis / Vergiftung (Einnahme)
Tempelhof-Schöneberg,23.0,O,52,0.19230769230769232,23,Überdosis / Vergiftung (Einnahme)
Tempelhof-Schöneberg,24.0,A,35,0.05714285714285714,24,Schwangerschaft / Geburt / Fehlgeburt
Tempelhof-Schöneberg,24.0,B,363,0.24793388429752067,24,Schwangerschaft / Geburt / Fehlgeburt
Tempelhof-Schöneberg,24.0,C,369,0.1897018970189702,24,Schwangerschaft / Geburt / Fehlgeburt
Tempelhof-Schöneberg,24.0,D,660,0.25303030303030305,24,Schwangerschaft / Geburt / Fehlgeburt
Tempelhof-Schöneberg,24.0,O,90,0.05555555555555555,24,Schwangerschaft / Geburt / Fehlgeburt
Tempelhof-Schöneberg,25.0,A,3239,0.11392405063291139,25,Psychiatrie / Abnormales Verhalten / Suizidversuch
Tempelhof-Schöneberg,25.0,B,3124,0.19814340588988477,25,Psychiatrie / Abnormales Verhalten / Suizidversuch
Tempelhof-Schöneberg,25.0,C,929,0.24004305705059203,25,Psychiatrie / Abnormales Verhalten / Suizidversuch
Tempelhof-Schöneberg,25.0,D,508,0.2440944881889764,25,Psychiatrie / Abnormales Verhalten / Suizidversuch
Tempelhof-Schöneberg,25.0,O,419,0.09069212410501193,25,Psychiatrie / Abnormales Verhalten / Suizidversuch
Tempelhof-Schöneberg,26.0,A,650,0.06461538461538462,26,Kranke Person (Spezielle Krankheitsbilder)
Tempelhof-Schöneberg,26.0,B,4850,0.0779381443298969,26,Kranke Person (Spezielle Krankheitsbilder)
Tempelhof-Schöneberg,26.0,C,5416,0.21399556868537667,26,Kranke Person (Spezielle Krankheitsbilder)
Tempelhof-Schöneberg,26.0,D,774,0.22739018087855298,26,Kranke Person (Spezielle Krankheitsbilder)
Tempelhof-Schöneberg,27.0,D,58,0.39655172413793105,27,"Stich-, Schuss-, Pfählungsverletzung"
Tempelhof-Schöneberg,28.0,C,4868,0.21733771569433033,28,Schlaganfall / Transitorische Ischämische Attacke (TIA)
Tempelhof-Schöneberg,29.0,A,84,0.3333333333333333,29,Verkehrsunfall
Tempelhof-Schöneberg,29.0,B,1030,0.37475728155339805,29,Verkehrsunfall
Tempelhof-Schöneberg,29.0,D,882,0.4410430839002268,29,Verkehrsunfall
Tempelhof-Schöneberg,30.0,A,3847,0.14998700285937094,30,Verletzungen
Tempelhof-Schöneberg,30.0,B,3837,0.19546520719311963,30,Verletzungen
Tempelhof-Schöneberg,30.0,D,531,0.2617702448210923,30,Verletzungen
Tempelhof-Schöneberg,31.0,A,3665,0.23410641200545704,31,Bewusstlosigkeit / Ohnmacht (Beinahe-)
Tempelhof-Schöneberg,31.0,C,4203,0.22079467047347132,31,Bewusstlosigkeit / Ohnmacht (Beinahe-)
Tempelhof-Schöneberg,31.0,D,6573,0.3345504335919671,31,Bewusstlosigkeit / Ohnmacht (Beinahe-)
Tempelhof-Schöneberg,31.0,E,47,0.5531914893617021,31,Bewusstlosigkeit / Ohnmacht (Beinahe-)
Tempelhof-Schöneberg,32.0,B,2178,0.21487603305785125,32,Unklares Geschehen (Person in Notlage)
Tempelhof-Schöneberg,32.0,D,469,0.3347547974413646,32,Unklares Geschehen (Person in Notlage)
Tempelhof-Schöneberg,33.0,A,393,0.24681933842239187,33,Anforderung von Rettungsmittel durch Versorgungseinrichtung / Palliative Medizin / Einweisung
Tempelhof-Schöneberg,33.0,C,314,0.2484076433121019,33,Anforderung von Rettungsmittel durch Versorgungseinrichtung / Palliative Medizin / Einweisung
Tempelhof-Schöneberg,34.0,B,70,0.3142857142857143,34,AUM (Automatische Unfallmeldung)
Treptow-Köpenick,1.0,A,1205,0.043153526970954356,01,"Bauchschmerzen, -beschwerden"
Treptow-Köpenick,1.0,C,4869,0.09057301293900184,01,"Bauchschmerzen, -beschwerden"
Treptow-Köpenick,1.0,D,945,0.10476190476190476,01,"Bauchschmerzen, -beschwerden"
Treptow-Köpenick,2.0,A,71,0.04225352112676056,02,"Allergie (Überreaktion) / Kontakt mit giftigen Tieren (Stiche, Bisse)"
Treptow-Köpenick,2.0,B,182,0.07142857142857142,02,"Allergie (Überreaktion) / Kontakt mit giftigen Tieren (Stiche, Bisse)"
Treptow-Köpenick,2.0,C,551,0.12522686025408347,02,"Allergie (Überreaktion) / Kontakt mit giftigen Tieren (Stiche, Bisse)"
Treptow-Köpenick,2.0,D,144,0.1736111111111111,02,"Allergie (Überreaktion) / Kontakt mit giftigen Tieren (Stiche, Bisse)"
Treptow-Köpenick,3.0,A,50,0.16,03,Tierbiss / Tierangriff
Treptow-Köpenick,3.0,B,77,0.15584415584415584,03,Tierbiss / Tierangriff
Treptow-Köpenick,4.0,A,119,0.08403361344537816,04,Körperverletzung / Sexualdelikt / Elektroschocker
Treptow-Köpenick,4.0,B,1482,0.11538461538461539,04,Körperverletzung / Sexualdelikt / Elektroschocker
Treptow-Köpenick,4.0,D,221,0.14479638009049775,04,Körperverletzung / Sexualdelikt / Elektroschocker
Treptow-Köpenick,5.0,A,42,0.07142857142857142,05,Rückenschmerzen (Nicht traumatische Rückenschmerzen oder ältere Verletzung)
Treptow-Köpenick,5.0,C,1814,0.08489525909592062,05,Rückenschmerzen (Nicht traumatische Rückenschmerzen oder ältere Verletzung)
Treptow-Köpenick,5.0,D,405,0.07654320987654321,05,Rückenschmerzen (Nicht traumatische Rückenschmerzen oder ältere Verletzung)
Treptow-Köpenick,6.0,C,5924,0.1176569885212694,06,Atembeschwerden
Treptow-Köpenick,6.0,D,5345,0.15135640785781104,06,Atembeschwerden
Treptow-Köpenick,6.0,E,87,0.13793103448275862,06,Atembeschwerden
Treptow-Köpenick,7.0,A,131,0.12213740458015267,07,Verbrennungen (Verbrühungen) / Explosion (Detonation)
Treptow-Köpenick,7.0,C,40,0.1,07,Verbrennungen (Verbrühungen) / Explosion (Detonation)
Treptow-Köpenick,9.0,D,172,0.2558139534883721,09,"Kreislauf-, Atemstillstand / Tote Person"
Treptow-Köpenick,9.0,E,1057,0.2857142857142857,09,"Kreislauf-, Atemstillstand / Tote Person"
Treptow-Köpenick,10.0,A,576,0.08680555555555555,10,Brustschmerzen / Andere Beschwerden in der Brust (Nicht Traumatisch)
Treptow-Köpenick,10.0,C,4125,0.11054545454545454,10,Brustschmerzen / Andere Beschwerden in der Brust (Nicht Traumatisch)
Treptow-Köpenick,10.0,D,2919,0.1476533059266872,10,Brustschmerzen / Andere Beschwerden in der Brust (Nicht Traumatisch)
Treptow-Köpenick,11.0,D,181,0.2265193370165746,11,Atemwegsverlegung (Durch Fremdkörper)
Treptow-Köpenick,12.0,A,966,0.14699792960662525,12,Krampfanfall
Treptow-Köpenick,12.0,B,126,0.14285714285714285,12,Krampfanfall
Treptow-Köpenick,12.0,C,562,0.1583629893238434,12,Krampfanfall
Treptow-Köpenick,12.0,D,862,0.25406032482598606,12,Krampfanfall
Treptow-Köpenick,13.0,C,953,0.13746065057712487,13,Blutzuckerentgleisungen
Treptow-Köpenick,13.0,D,115,0.21739130434782608,13,Blutzuckerentgleisungen
Treptow-Köpenick,15.0,C,101,0.0891089108910891,15,Stromunfall / Blitzschlag
Treptow-Köpenick,16.0,A,165,0.06060606060606061,16,Augenprobleme / Verletzungen
Treptow-Köpenick,16.0,B,94,0.09574468085106383,16,Augenprobleme / Verletzungen
Treptow-Köpenick,17.0,A,5954,0.09791736647631843,17,Sturz / Absturz
Treptow-Köpenick,17.0,B,11634,0.1181021144920062,17,Sturz / Absturz
Treptow-Köpenick,17.0,C,362,0.13535911602209943,17,Sturz / Absturz
Treptow-Köpenick,17.0,D,2281,0.15124945199473916,17,Sturz / Absturz
Treptow-Köpenick,18.0,B,201,0.04975124378109453,18,Kopfschmerzen
Treptow-Köpenick,18.0,C,810,0.10987654320987654,18,Kopfschmerzen
Treptow-Köpenick,19.0,A,138,0.07246376811594203,19,Herzbeschwerden / Implantierter Defibrillator
Treptow-Köpenick,19.0,C,5582,0.10999641705481907,19,Herzbeschwerden / Implantierter Defibrillator
Treptow-Köpenick,19.0,D,1508,0.16047745358090185,19,Herzbeschwerden / Implantierter Defibrillator
Treptow-Köpenick,20.0,B,130,0.11538461538461539,20,"Hitze-, Kälteprobleme"
Treptow-Köpenick,21.0,A,165,0.048484848484848485,21,Blutung / Wunden
Treptow-Köpenick,21.0,B,3949,0.0969865788807293,21,Blutung / Wunden
Treptow-Köpenick,21.0,C,133,0.10526315789473684,21,Blutung / Wunden
Treptow-Köpenick,21.0,D,1435,0.12264808362369338,21,Blutung / Wunden
Treptow-Köpenick,23.0,B,1433,0.1137473831123517,23,Überdosis / Vergiftung (Einnahme)
Treptow-Köpenick,23.0,C,3058,0.15173315892740352,23,Überdosis / Vergiftung (Einnahme)
Treptow-Köpenick,23.0,D,170,0.2,23,Überdosis / Vergiftung (Einnahme)
Treptow-Köpenick,23.0,O,48,0.0625,23,Überdosis / Vergiftung (Einnahme)
Treptow-Köpenick,24.0,A,30,0.06666666666666667,24,Schwangerschaft / Geburt / Fehlgeburt
Treptow-Köpenick,24.0,B,364,0.11263736263736264,24,Schwangerschaft / Geburt / Fehlgeburt
Treptow-Köpenick,24.0,C,407,0.09336609336609336,24,Schwangerschaft / Geburt / Fehlgeburt
Treptow-Köpenick,24.0,D,624,0.11698717948717949,24,Schwangerschaft / Geburt / Fehlgeburt
Treptow-Köpenick,24.0,O,85,0.011764705882352941,24,Schwangerschaft / Geburt / Fehlgeburt
Treptow-Köpenick,25.0,A,2415,0.07204968944099378,25,Psychiatrie / Abnormales Verhalten / Suizidversuch
Treptow-Köpenick,25.0,B,2586,0.12103634957463263,25,Psychiatrie / Abnormales Verhalten / Suizidversuch
Treptow-Köpenick,25.0,C,684,0.13304093567251463,25,Psychiatrie / Abnormales Verhalten / Suizidversuch
Treptow-Köpenick,25.0,D,417,0.13908872901678657,25,Psychiatrie / Abnormales Verhalten / Suizidversuch
Treptow-Köpenick,25.0,O,323,0.04953560371517028,25,Psychiatrie / Abnormales Verhalten / Suizidversuch
Treptow-Köpenick,26.0,A,550,0.06363636363636363,26,Kranke Person (Spezielle Krankheitsbilder)
Treptow-Köpenick,26.0,B,3934,0.05439755973563803,26,Kranke Person (Spezielle Krankheitsbilder)
Treptow-Köpenick,26.0,C,4783,0.11666318210328246,26,Kranke Person (Spezielle Krankheitsbilder)
Treptow-Köpenick,26.0,D,607,0.12520593080724876,26,Kranke Person (Spezielle Krankheitsbilder)
Treptow-Köpenick,27.0,D,35,0.2857142857142857,27,"Stich-, Schuss-, Pfählungsverletzung"
Treptow-Köpenick,28.0,C,3835,0.12464146023468058,28,Schlaganfall / Transitorische Ischämische Attacke (TIA)
Treptow-Köpenick,29.0,A,68,0.25,29,Verkehrsunfall
Treptow-Köpenick,29.0,B,612,0.19281045751633988,29,Verkehrsunfall
Treptow-Köpenick,29.0,D,783,0.2962962962962963,29,Verkehrsunfall
Treptow-Köpenick,30.0,A,3147,0.10613282491261519,30,Verletzungen
Treptow-Köpenick,30.0,B,3320,0.1286144578313253,30,Verletzungen
Treptow-Köpenick,30.0,D,529,0.14177693761814744,30,Verletzungen
Treptow-Köpenick,31.0,A,3069,0.12088628217660476,31,Bewusstlosigkeit / Ohnmacht (Beinahe-)
Treptow-Köpenick,31.0,C,3604,0.13762486126526083,31,Bewusstlosigkeit / Ohnmacht (Beinahe-)
Treptow-Köpenick,31.0,D,5181,0.19069677668403784,31,Bewusstlosigkeit / Ohnmacht (Beinahe-)
Treptow-Köpenick,31.0,E,40,0.325,31,Bewusstlosigkeit / Ohnmacht (Beinahe-)
Treptow-Köpenick,32.0,B,1676,0.13126491646778043,32,Unklares Geschehen (Person in Notlage)
Treptow-Köpenick,32.0,D,280,0.15357142857142858,32,Unklares Geschehen (Person in Notlage)
Treptow-Köpenick,33.0,A,232,0.1336206896551724,33,Anforderung von Rettungsmittel durch Versorgungseinrichtung / Palliative Medizin / Einweisung
Treptow-Köpenick,33.0,C,183,0.1912568306010929,33,Anforderung von Rettungsmittel durch Versorgungseinrichtung / Palliative Medizin / Einweisung
Treptow-Köpenick,34.0,B,39,0.20512820512820512,34,AUM (Automatische Unfallmeldung)
